id,题目,答案
9,中华人民共和国个人信息保护法第五十一条的内容？,第五十一条 个人信息处理者应当根据个人信息的处理目的、处理方式、个人信息的种类以及对个人权益的影响、可能存在的安全风险等，采取下列措施确保个人信息处理活动符合法律、行政法规的规定，并防止未经授权的访问以及个人信息泄露、篡改、丢失：（一）制定内部管理制度和操作规程；（二）对个人信息实行分类管理；（三）采取相应的加密、去标识化等安全技术措施；（四）合理确定个人信息处理的操作权限，并定期对从业人员进行安全教育和培训；（五）制定并组织实施个人信息安全事件应急预案；（六）法律、行政法规规定的其他措施。
7,中华人民共和国个人信息保护法第三十八条的内容？,第三十八条 个人信息处理者因业务等需要，确需向中华人民共和国境外提供个人信息的，应当具备下列条件之一：（一）依照本法第四十条的规定通过国家网信部门组织的安全评估；（二）按照国家网信部门的规定经专业机构进行个人信息保护认证；（三）按照国家网信部门制定的标准合同与境外接收方订立合同，约定双方的权利和义务；（四）法律、行政法规或者国家网信部门规定的其他条件。中华人民共和国缔结或者参加的国际条约、协定对向中华人民共和国境外提供个人信息的条件等有规定的，可以按照其规定执行。个人信息处理者应当采取必要措施，保障境外接收方处理个人信息的活动达到本法规定的个人信息保护标准。
8,中华人民共和国个人信息保护法第四十四条的内容？,第四十四条 个人对其个人信息的处理享有知情权、决定权，有权限制或者拒绝他人对其个人信息进行处理；法律、行政法规另有规定的除外。
10,中华人民共和国个人信息保护法第六十六条的内容？,第六十六条 违反本法规定处理个人信息，或者处理个人信息未履行本法规定的个人信息保护义务的，由履行个人信息保护职责的部门责令改正，给予警告，没收违法所得，对违法处理个人信息的应用程序，责令暂停或者终止提供服务；拒不改正的，并处一百万元以下罚款；对直接负责的主管人员和其他直接责任人员处一万元以上十万元以下罚款。有前款规定的违法行为，情节严重的，由省级以上履行个人信息保护职责的部门责令改正，没收违法所得，并处五千万元以下或者上一年度营业额百分之五以下
6,中华人民共和国个人信息保护法第二十八条的内容？,第二十八条 敏感个人信息是一旦泄露或者非法使用，容易导致自然人的人格尊严受到侵害或者人身、财产安全受到危害的个人信息，包括生物识别、宗教信仰、特定身份、医疗健康、金融账户、行踪轨迹等信息，以及不满十四周岁未成年人的个人信息。只有在具有特定的目的和充分的必要性，并采取严格保护措施的情形下，个人信息处理者方可处理敏感个人信息。
3,中华人民共和国个人信息保护法第八条的内容？,第八条 处理个人信息应当保证个人信息的质量，避免因个人信息不准确、不完整对个人权益造成不利影响。
5,中华人民共和国个人信息保护法第二十条的内容？,第二十条 两个以上的个人信息处理者共同决定个人信息的处理目的和处理方式的，应当约定各自的权利和义务。但是，该约定不影响个人向其中任何一个个人信息处理者要求行使本法规定的权利。个人信息处理者共同处理个人信息，侵害个人信息权益造成损害的，应当依法承担连带责任。
2,中华人民共和国个人信息保护法第五条的内容？,第五条 处理个人信息应当遵循合法、正当、必要和诚信原则，不得通过误导、欺诈、胁迫等方式处理个人信息。
1,中华人民共和国个人信息保护法第三条的内容？,第三条 在中华人民共和国境内处理自然人个人信息的活动，适用本法。在中华人民共和国境外处理中华人民共和国境内自然人个人信息的活动，有下列情形之一的，也适用本法：（一）以向境内自然人提供产品或者服务为目的；（二）分析、评估境内自然人的行为；（三）法律、行政法规规定的其他情形。
4,中华人民共和国个人信息保护法第十四条的内容？,第十四条 基于个人同意处理个人信息的，该同意应当由个人在充分知情的前提下自愿、明确作出。法律、行政法规规定处理个人信息应当取得个人单独同意或者书面同意的，从其规定。个人信息的处理目的、处理方式和处理的个人信息种类发生变更的，应当重新取得个人同意。
1,中华人民共和国个人独资企业法第二条的内容？,第二条 本法所称个人独资企业，是指依照本法在中国境内设立，由一个自然人投资，财产为投资人个人所有，投资人以其个人财产对企业债务承担无限责任的经营实体。
2,中华人民共和国个人独资企业法第七条的内容？,第七条 在个人独资企业中的中国共产党党员依照中国共产党章程进行活动。
4,中华人民共和国个人独资企业法第十七条的内容？,第十七条 个人独资企业投资人对本企业的财产依法享有所有权，其有关权利可以依法进行转让或继承。
10,中华人民共和国个人独资企业法第四十七条的内容？,第四十七条 外商独资企业不适用本法。
7,中华人民共和国个人独资企业法第二十七条的内容？,第二十七条 个人独资企业解散，由投资人自行清算或者由债权人申请人民法院指定清算人进行清算。投资人自行清算的，应当在清算前十五日内书面通知债权人，无法通知的，应当予以公告。债权人应当在接到通知之日起三十日内，未接到通知的应当在公告之日起六十日内，向投资人申报其债权。
6,中华人民共和国个人独资企业法第二十四条的内容？,第二十四条 个人独资企业可以依法申请贷款、取得土地使用权，并享有法律、行政法规规定的其他权利。
3,中华人民共和国个人独资企业法第十二条的内容？,第十二条 登记机关应当在收到设立申请文件之日起十五日内，对符合本法规定条件的，予以登记，发给营业执照；对不符合本法规定条件的，不予登记，并应当给予书面答复，说明理由。
5,中华人民共和国个人独资企业法第二十条的内容？,第二十条 投资人委托或者聘用的管理个人独资企业事务的人员不得有下列行为：（一）利用职务上的便利，索取或者收受贿赂；（二）利用职务或者工作上的便利侵占企业财产；（三）挪用企业的资金归个人使用或者借贷给他人；（四）擅自将企业资金以个人名义或者以他人名义开立帐户储存；（五）擅自以企业财产提供担保；（六）未经投资人同意，从事与本企业相竞争的业务；（七）未经投资人同意，同本企业订立合同或者进行交易；（八）未经投资人同意，擅自将企业商标或者其他知识产权转让给他人使用；（九）泄露本企业的商业秘密；（十）法律、行政法规禁止的其他行为。
8,中华人民共和国个人独资企业法第三十一条的内容？,第三十一条 个人独资企业财产不足以清偿债务的，投资人应当以其个人的其他财产予以清偿。
9,中华人民共和国个人独资企业法第三十五条的内容？,第三十五条 涂改、出租、转让营业执照的，责令改正，没收违法所得，处以三千元以下的罚款；情节严重的，吊销营业执照。伪造营业执照的，责令停业，没收违法所得，处以五千元以下的罚款。构成犯罪的，依法追究刑事责任。
1,中华人民共和国人民法院组织法第二条的内容？,第二条 人民法院是国家的审判机关。人民法院通过审判刑事案件、民事案件、行政案件以及法律规定的其他案件，惩罚犯罪，保障无罪的人不受刑事追究，解决民事、行政纠纷，保护个人和组织的合法权益，监督行政机关依法行使职权，维护国家安全和社会秩序，维护社会公平正义，维护国家法制统一、尊严和权威，保障中国特色社会主义建设的顺利进行。
7,中华人民共和国人民法院组织法第三十条的内容？,第三十条 合议庭由法官组成，或者由法官和人民陪审员组成，成员为三人以上单数。合议庭由一名法官担任审判长。院长或者庭长参加审理案件时，由自己担任审判长。审判长主持庭审、组织评议案件，评议案件时与合议庭其他成员权利平等。
4,中华人民共和国人民法院组织法第十五条的内容？,第十五条 专门人民法院包括军事法院和海事法院、知识产权法院、金融法院等。专门人民法院的设置、组织、职权和法官任免，由全国人民代表大会常务委员会规定。
5,中华人民共和国人民法院组织法第十八条的内容？,第十八条 最高人民法院可以对属于审判工作中具体应用法律的问题进行解释。最高人民法院可以发布指导性案例。
2,中华人民共和国人民法院组织法第五条的内容？,第五条 人民法院审判案件在适用法律上一律平等，不允许任何组织和个人有超越法律的特权，禁止任何形式的歧视。
9,中华人民共和国人民法院组织法第四十七条的内容？,第四十七条 法官从取得法律职业资格并且具备法律规定的其他条件的人员中选任。初任法官应当由法官遴选委员会进行专业能力审核。上级人民法院的法官一般从下级人民法院的法官中择优遴选。院长应当具有法学专业知识和法律职业经历。副院长、审判委员会委员应当从法官、检察官或者其他具备法官、检察官条件的人员中产生。法官的职责、管理和保障，依照《中华人民共和国法官法》的规定。
3,中华人民共和国人民法院组织法第八条的内容？,第八条 人民法院实行司法责任制，建立健全权责统一的司法权力运行机制。
8,中华人民共和国人民法院组织法第四十一条的内容？,第四十一条 人民法院院长负责本院全面工作，监督本院审判工作，管理本院行政事务。人民法院副院长协助院长工作。
6,中华人民共和国人民法院组织法第二十五条的内容？,第二十五条 基层人民法院审理第一审案件，法律另有规定的除外。基层人民法院对人民调解委员会的调解工作进行业务指导。
10,中华人民共和国人民法院组织法第五十二条的内容？,第五十二条 任何单位或者个人不得要求法官从事超出法定职责范围的事务。对于领导干部等干预司法活动、插手具体案件处理，或者人民法院内部人员过问案件情况的，办案人员应当全面如实记录并报告；有违法违纪情形的，由有关机关根据情节轻重追究行为人的责任。
4,中华人民共和国仲裁法第二十一条的内容？,第二十一条 当事人申请仲裁应当符合下列条件：（一）有仲裁协议；（二）有具体的仲裁请求和事实、理由；（三）属于仲裁委员会的受理范围。
5,中华人民共和国仲裁法第三十条的内容？,第三十条 仲裁庭可以由三名仲裁员或者一名仲裁员组成。由三名仲裁员组成的，设首席仲裁员。
7,中华人民共和国仲裁法第四十条的内容？,第四十条 仲裁不公开进行。当事人协议公开的，可以公开进行，但涉及国家秘密的除外。
1,中华人民共和国仲裁法第四条的内容？,第四条 当事人采用仲裁方式解决纠纷，应当双方自愿，达成仲裁协议。没有仲裁协议，一方申请仲裁的，仲裁委员会不予受理。
8,中华人民共和国仲裁法第五十一条的内容？,第五十一条 仲裁庭在作出裁决前，可以先行调解。当事人自愿调解的，仲裁庭应当调解。调解不成的，应当及时作出裁决。调解达成协议的，仲裁庭应当制作调解书或者根据协议的结果制作裁决书。调解书与裁决书具有同等法律效力。
3,中华人民共和国仲裁法第十六条的内容？,第十六条 仲裁协议包括合同中订立的仲裁条款和以其他书面方式在纠纷发生前或者纠纷发生后达成的请求仲裁的协议。仲裁协议应当具有下列内容：（一）请求仲裁的意思表示；（二）仲裁事项；（三）选定的仲裁委员会。
9,中华人民共和国仲裁法第五十八条的内容？,第五十八条 当事人提出证据证明裁决有下列情形之一的，可以向仲裁委员会所在地的中级人民法院申请撤销裁决：（一）没有仲裁协议的；（二）裁决的事项不属于仲裁协议的范围或者仲裁委员会无权仲裁的；（三）仲裁庭的组成或者仲裁的程序违反法定程序的；（四）裁决所根据的证据是伪造的；（五）对方当事人隐瞒了足以影响公正裁决的证据的；（六）仲裁员在仲裁该案时有索贿受贿，徇私舞弊，枉法裁决行为的。人民法院经组成合议庭审查核实裁决有前款规定情形之一的，应当裁定撤销。人民法院认定该裁决违背社会公共利益的，应当裁定撤销。
6,中华人民共和国仲裁法第三十四条的内容？,第三十四条 仲裁员有下列情形之一的，必须回避，当事人也有权提出回避申请：（一）是本案当事人或者当事人、代理人的近亲属；（二）与本案有利害关系；（三）与本案当事人、代理人有其他关系，可能影响公正仲裁的；（四）私自会见当事人、代理人，或者接受当事人、代理人的请客送礼的。
10,中华人民共和国仲裁法第六十二条的内容？,第六十二条 当事人应当履行裁决。一方当事人不履行的，另一方当事人可以依照民事诉讼法的有关规定向人民法院申请执行。受申请的人民法院应当执行。
2,中华人民共和国仲裁法第九条的内容？,第九条 仲裁实行一裁终局的制度。裁决作出后，当事人就同一纠纷再申请仲裁或者向人民法院起诉的，仲裁委员会或者人民法院不予受理。裁决被人民法院依法裁定撤销或者不予执行的，当事人就该纠纷可以根据双方重新达成的仲裁协议申请仲裁，也可以向人民法院起诉。
5,中华人民共和国企业破产法第三十一条的内容？,第三十一条 人民法院受理破产申请前一年内，涉及债务人财产的下列行为，管理人有权请求人民法院予以撤销：（一）无偿转让财产的；（二）以明显不合理的价格进行交易的；（三）对没有财产担保的债务提供财产担保的；（四）对未到期的债务提前清偿的；（五）放弃债权的。
4,中华人民共和国企业破产法第二十二条的内容？,第二十二条 管理人由人民法院指定。债权人会议认为管理人不能依法、公正执行职务或者有其他不能胜任职务情形的，可以申请人民法院予以更换。指定管理人和确定管理人报酬的办法，由最高人民法院规定。
1,中华人民共和国企业破产法第二条的内容？,第二条 企业法人不能清偿到期债务，并且资产不足以清偿全部债务或者明显缺乏清偿能力的，依照本法规定清理债务。企业法人有前款规定情形，或者有明显丧失清偿能力可能的，可以依照本法规定进行重整。
8,中华人民共和国企业破产法第七十条的内容？,第七十条 债务人或者债权人可以依照本法规定，直接向人民法院申请对债务人进行重整。债权人申请对债务人进行破产清算的，在人民法院受理破产申请后、宣告债务人破产前，债务人或者出资额占债务人注册资本十分之一以上的出资人，可以向人民法院申请重整。
10,中华人民共和国企业破产法第一百一十三条的内容？,第一百一十三条 破产财产在优先清偿破产费用和共益债务后，依照下列顺序清偿：（一）破产人所欠职工的工资和医疗、伤残补助、抚恤费用，所欠的应当划入职工个人账户的基本养老保险、基本医疗保险费用，以及法律、行政法规规定应当支付给职工的补偿金；（二）破产人欠缴的除前项规定以外的社会保险费用和破产人所欠税款；（三）普通破产债权。破产财产不足以清偿同一顺序的清偿要求的，按照比例分配。破产企业的董事、监事和高级管理人员的工资按照该企业职工的平均工资计算。
3,中华人民共和国企业破产法第十五条的内容？,第十五条 自人民法院受理破产申请的裁定送达债务人之日起至破产程序终结之日，债务人的有关人员承担下列义务：（一）妥善保管其占有和管理的财产、印章和账簿、文书等资料；（二）根据人民法院、管理人的要求进行工作，并如实回答询问；（三）列席债权人会议并如实回答债权人的询问；（四）未经人民法院许可，不得离开住所地；（五）不得新任其他企业的董事、监事、高级管理人员。前款所称有关人员，是指企业的法定代表人；经人民法院决定，可以包括企业的财务管理人员和其他经营管理人员。
9,中华人民共和国企业破产法第九十五条的内容？,第九十五条 债务人可以依照本法规定，直接向人民法院申请和解；也可以在人民法院受理破产申请后、宣告债务人破产前，向人民法院申请和解。债务人申请和解，应当提出和解协议草案。
6,中华人民共和国企业破产法第四十一条的内容？,第四十一条 人民法院受理破产申请后发生的下列费用，为破产费用：（一）破产案件的诉讼费用；（二）管理、变价和分配债务人财产的费用；（三）管理人执行职务的费用、报酬和聘用工作人员的费用。
2,中华人民共和国企业破产法第七条的内容？,第七条 债务人有本法第二条规定的情形，可以向人民法院提出重整、和解或者破产清算申请。债务人不能清偿到期债务，债权人可以向人民法院提出对债务人进行重整或者破产清算的申请。企业法人已解散但未清算或者未清算完毕，资产不足以清偿债务的，依法负有清算责任的人应当向人民法院申请破产清算。
7,中华人民共和国企业破产法第五十九条的内容？,第五十九条 依法申报债权的债权人为债权人会议的成员，有权参加债权人会议，享有表决权。债权尚未确定的债权人，除人民法院能够为其行使表决权而临时确定债权额的外，不得行使表决权。对债务人的特定财产享有担保权的债权人，未放弃优先受偿权利的，对于本法第六十一条第一款第七项、第十项规定的事项不享有表决权。债权人可以委托代理人出席债权人会议，行使表决权。代理人出席债权人会议，应当向人民法院或者债权人会议主席提交债权人的授权委托书。债权人会议应当有债务人的职工和工会的代表参加，对有关事项发表意见。
6,中华人民共和国保险法第四十六条的内容？,第四十六条 被保险人因第三者的行为而发生死亡、伤残或者疾病等保险事故的，保险人向被保险人或者受益人给付保险金后，不享有向第三者追偿的权利，但被保险人或者受益人仍有权向第三者请求赔偿。
9,中华人民共和国保险法第九十五条的内容？,第九十五条 保险公司的业务范围：（一）人身保险业务，包括人寿保险、健康保险、意外伤害保险等保险业务；（二）财产保险业务，包括财产损失保险、责任保险、信用保险、保证保险等保险业务；（三）国务院保险监督管理机构批准的与保险有关的其他业务。保险人不得兼营人身保险业务和财产保险业务。但是，经营财产保险业务的保险公司经国务院保险监督管理机构批准，可以经营短期健康保险业务和意外伤害保险业务。保险公司应当在国务院保险监督管理机构依法批准的业务范围内从事保险经营活动。
8,中华人民共和国保险法第六十五条的内容？,第六十五条 保险人对责任保险的被保险人给第三者造成的损害，可以依照法律的规定或者合同的约定，直接向该第三者赔偿保险金。责任保险的被保险人给第三者造成损害，被保险人对第三者应负的赔偿责任确定的，根据被保险人的请求，保险人应当直接向第三者赔偿保险金。被保险人怠于请求的，第三者有权就其应获赔偿部分直接向保险人请求赔偿保险金。责任保险的被保险人给第三者造成损害，被保险人未向该第三者赔偿的，保险人不得向被保险人赔偿保险金。责任保险是指以被保险人对第三者依法应负的赔偿责任为保险标的的保险。
5,中华人民共和国保险法第三十一条的内容？,第三十一条 投保人对下列人员具有保险利益：（一）本人；（二）配偶、子女、父母；（三）前项以外与投保人有抚养、赡养或者扶养关系的家庭其他成员、近亲属；（四）与投保人有劳动关系的劳动者。除前款规定外，被保险人同意投保人为其订立合同的，视为投保人对被保险人具有保险利益。订立合同时，投保人对被保险人不具有保险利益的，合同无效。
4,中华人民共和国保险法第二十二条的内容？,第二十二条 保险事故发生后，按照保险合同请求保险人赔偿或者给付保险金时，投保人、被保险人或者受益人应当向保险人提供其所能提供的与确认保险事故的性质、原因、损失程度等有关的证明和资料。保险人按照合同的约定，认为有关的证明和资料不完整的，应当及时一次性通知投保人、被保险人或者受益人补充提供。
10,中华人民共和国保险法第一百一十六条的内容？,第一百一十六条 保险公司及其工作人员在保险业务。
1,中华人民共和国保险法第五条的内容？,第五条 保险活动当事人行使权利、履行义务应当遵循诚实信用原则。
2,中华人民共和国保险法第十二条的内容？,第十二条 人身保险的投保人在保险合同订立时，对被保险人应当具有保险利益。财产保险的被保险人在保险事故发生时，对保险标的应当具有保险利益。人身保险是以人的寿命和身体为保险标的的保险。财产保险是以财产及其有关利益为保险标的的保险。被保险人是指其财产或者人身受保险合同保障，享有保险金请求权的人。投保人可以为被保险人。保险利益是指投保人或者被保险人对保险标的具有的法律上承认的利益。
3,中华人民共和国保险法第十七条的内容？,第十七条 订立保险合同，采用保险人提供的格式条款的，保险人向投保人提供的投保单应当附格式条款，保险人应当向投保人说明合同的内容。对保险合同中免除保险人责任的条款，保险人在订立合同时应当在投保单、保险单或者其他保险凭证上作出足以引起投保人注意的提示，并对该条款的内容以书面或者口头形式向投保人作出明确说明；未作提示或者明确说明的，该条款不产生效力。
7,中华人民共和国保险法第五十五条的内容？,第五十五条 投保人和保险人约定保险标的的保险价值并在合同中载明的，保险标的发生损失时，以约定的保险价值为赔偿计算标准。投保人和保险人未约定保险标的的保险价值的，保险标的发生损失时，以事故发生时保险标的的实际价值为赔偿计算标准。保险金额不得超过保险价值。超过保险价值的，超过部分无效，保险人应当退还相应的保险费。保险金额低于保险价值的，除合同另有约定外，保险人按照保险金额与保险价值的比例承担赔偿保险金的责任。
7,中华人民共和国全国人民代表大会和地方各级人民代表大会选举法第五十二条的内容？,第五十二条　罢免代表采用无记名的表决方式。
1,中华人民共和国全国人民代表大会和地方各级人民代表大会选举法第十五条的内容？,第十五条　地方各级人民代表大会代表名额，由本级人民代表大会常务委员会或者本级选举委员会根据本行政区域所辖的下一级各行政区域或者各选区的人口数，按照每一代表所代表的城乡人口数相同的原则，以及保证各地区、各民族、各方面都有适当数量代表的要求进行分配。在县、自治县的人民代表大会中，人口特少的乡、民族乡、镇，至少应有代表一人。地方各级人民代表大会代表名额的分配办法，由省、自治区、直辖市人民代表大会常务委员会参照全国人民代表大会代表名额分配的办法，结合本地区的具体情况规定。
3,中华人民共和国全国人民代表大会和地方各级人民代表大会选举法第二十六条的内容？,第二十六条　本行政区域内各选区每一代表所代表的人口数应当大体相等。
4,中华人民共和国全国人民代表大会和地方各级人民代表大会选举法第三十二条的内容？,第三十二条　由选民直接选举人民代表大会代表的，代表候选人由各选区选民和各政党、各人民团体提名推荐。选举委员会汇总后，将代表候选人名单及代表候选人的基本情况在选举日的十五日以前公布，并交各该选区的选民小组讨论、协商，确定正式代表候选人名单。如果所提代表候选人的人数超过本法第三十一条规定的最高差额比例，由选举委员会交各该选区的选民小组讨论、协商，根据较多数选民的意见，确定正式代表候选人名单；对正式代表候选人不能形成较为一致意见的，进行预选，根据预选时得票多少的顺序，确定正式代表候选人名单。正式代表候选人名单及代表候选人的基本情况应当在选举日的七日以前公布。县级以上的地方各级人民代表大会在选举上一级人民代表大会代表时，提名、酝酿代表候选人的时间不得少于两天。各该级人民代表大会主席团将依法提出的代表候选人名单及代表候选人的基本情况印发全体代表，由全体代表酝酿、讨论。如果所提代表候选人的人数符合本法第三十一条规定的差额比例，直接进行投票选举。如果所提代表候选人的人数超过本法第三十一条规定的最高差额比例，进行预选，根据预选时得票多少的顺序，按照本级人民代表大会的选举办法根据本法确定的具体差额比例，确定正式代表候选人名单，进行投票选举。
10,中华人民共和国全国人民代表大会和地方各级人民代表大会选举法第六十条的内容？,第六十条　省、自治区、直辖市的人民代表大会及其常务委员会根据本法可以制定选举实施细则，报全国人民代表大会常务委员会备案。
2,中华人民共和国全国人民代表大会和地方各级人民代表大会选举法第二十二条的内容？,第二十二条　有少数民族聚居的不设区的市、市辖区、县、乡、民族乡、镇的人民代表大会代表的产生，按照当地的民族关系和居住状况，各少数民族选民可以单独选举或者联合选举。自治县和有少数民族聚居的乡、民族乡、镇的人民代表大会，对于居住在境内的其他少数民族和汉族代表的选举办法，适用前款的规定。
5,中华人民共和国全国人民代表大会和地方各级人民代表大会选举法第四十二条的内容？,第四十二条　选民如果在选举期间外出，经选举委员会同意，可以书面委托其他选民代为投票。每一选民接受的委托不得超过三人，并应当按照委托人的意愿代为投票。
6,中华人民共和国全国人民代表大会和地方各级人民代表大会选举法第四十八条的内容？,第四十八条　公民不得同时担任两个以上无隶属关系的行政区域的人民代表大会代表。
9,中华人民共和国全国人民代表大会和地方各级人民代表大会选举法第五十九条的内容？,第五十九条　主持选举的机构发现有破坏选举的行为或者收到对破坏选举行为的举报，应当及时依法调查处理；需要追究法律责任的，及时移送有关机关予以处理。
8,中华人民共和国全国人民代表大会和地方各级人民代表大会选举法第五十六条的内容？,第五十六条　县级以上的各级人民代表大会常务委员会组成人员，县级以上的各级人民代表大会的专门委员会成员，辞去代表职务的请求被接受的，其常务委员会组成人员、专门委员会成员的职务相应终止，由常务委员会予以公告。乡、民族乡、镇的人民代表大会主席、副主席，辞去代表职务的请求被接受的，其主席、副主席的职务相应终止，由主席团予以公告。
7,中华人民共和国公务员法（2018修订）第十六条的内容？,第十六条　国家实行公务员职位分类制度。公务员职位类别按照公务员职位的性质、特点和管理需要，划分为综合管理类、专业技术类和行政执法类等类别。根据本法，对于具有职位特殊性，需要单独管理的，可以增设其他职位类别。各职位类别的适用范围由国家另行规定。
5,中华人民共和国公务员法（2018修订）第十三条的内容？,第十三条　公务员应当具备下列条件：（一）具有中华人民共和国国籍；（二）年满十八周岁；（三）拥护中华人民共和国宪法，拥护中国共产党领导和社会主义制度；（四）具有良好的政治素质和道德品行；（五）具有正常履行职责的身体条件和心理素质；（六）具有符合职位要求的文化程度和工作能力；（七）法律规定的其他条件。
6,中华人民共和国公务员法（2018修订）第十四条的内容？,第十四条　公务员应当履行下列义务：（一）忠于宪法，模范遵守、自觉维护宪法和法律，自觉接受中国共产党领导；（二）忠于国家，维护国家的安全、荣誉和利益；（三）忠于人民，全心全意为人民服务，接受人民监督；（四）忠于职守，勤勉尽责，服从和执行上级依法作出的决定和命令，按照规定的权限和程序履行职责，努力提高工作质量和效率；（五）保守国家秘密和工作秘密；（六）带头践行社会主义核心价值观，坚守法治，遵守纪律，恪守职业道德，模范遵守社会公德、家庭美德；（七）清正廉洁，公道正派；（八）法律规定的其他义务。
10,中华人民共和国公务员法（2018修订）第三十五条的内容？,第三十五条　公务员的考核应当按照管理权限，全面考核公务员的德、能、勤、绩、廉，重点考核政治素质和工作实绩。考核指标根据不同职位类别、不同层级机关分别设置。
8,中华人民共和国公务员法（2018修订）第二十三条的内容？,第二十三条　录用担任一级主任科员以下及其他相当职级层次的公务员，采取公开考试、严格考察、平等竞争、择优录取的办法。民族自治地方依照前款规定录用公务员时，依照法律和有关规定对少数民族报考者予以适当照顾。
3,中华人民共和国公务员法（2018修订）第五条的内容？,第五条　公务员的管理，坚持公开、平等、竞争、择优的原则，依照法定的权限、条件、标准和程序进行。
4,中华人民共和国公务员法（2018修订）第九条的内容？,第九条　公务员就职时应当依照法律规定公开进行宪法宣誓。
1,中华人民共和国公务员法（2018修订）第一条的内容？,第一条　为了规范公务员的管理，保障公务员的合法权益，加强对公务员的监督，促进公务员正确履职尽责，建设信念坚定、为民服务、勤政务实、敢于担当、清正廉洁的高素质专业化公务员队伍，根据宪法，制定本法。
2,中华人民共和国公务员法（2018修订）第二条的内容？,第二条　本法所称公务员，是指依法履行公职、纳入国家行政编制、由国家财政负担工资福利的工作人员。公务员是干部队伍的重要组成部分，是社会主义事业的中坚力量，是人民的公仆。
9,中华人民共和国公务员法（2018修订）第二十六条的内容？,第二十六条　下列人员不得录用为公务员：（一）因犯罪受过刑事处罚的；（二）被开除中国共产党党籍的；（三）被开除公职的；（四）被依法列为失信联合惩戒对象的；（五）有法律规定不得录用为公务员的其他情形的。
12,中华人民共和国公司法第六十一条的内容？,第六十一条 首次股东会会议由出资最多的股东召集和主持，依照本法规定行使职权。
47,中华人民共和国公司法第二百三十六条的内容？,第二百三十六条 清算组在清理公司财产、编制资产负债表和财产清单后，应当制订清算方案，并报股东会或者人民法院确认。公司财产在分别支付清算费用、职工的工资、社会保险费用和法定补偿金，缴纳所欠税款，清偿公司债务后的剩余财产，有限责任公司按照股东的出资比例分配，股份有限公司按照股东持有的股份比例分配。清算期间，公司存续，但不得开展与清算无关的经营活动。公司财产在未依照前款规定清偿前，不得分配给股东。
10,中华人民共和国公司法第五十一条的内容？,第五十一条 有限责任公司成立后，董事会应当对股东的出资情况进行核查，发现股东未按期足额缴纳公司章程规定的出资的，应当由公司向该股东发出书面催缴书，催缴出资。及时履行前款规定的义务，给公司造成损失的，负有责任的董事应当承担赔偿责任。
15,中华人民共和国公司法第七十六条的内容？,第七十六条 有限责任公司设监事会，本法第六十九条、第八十三条另有规定的除外。监事会成员为三人以上。监事会成员应当包括股东代表和适当比例的公司职工代表，其中职工代表的比例不得低于三分之一，具体比例由公司章程规定。监事会中的职工代表由公司职工通过职工代表大会、职工大会或者其他形式民主选举产生。
39,中华人民共和国公司法第一百九十六条的内容？,第一百九十六条 公司以纸面形式发行公司债券的，应当在债券上载明公司名称、债券票面金额、利率、偿还期限等事项，并由法定代表人签名，公司盖章。
48,中华人民共和国公司法第二百四十一条的内容？,第二百四十一条 公司被吊销营业执照、责令关闭或者被撤销，满三年未向公司登记机关申请注销公司登记的，公司登记机关可以通过国家企业信用信息公示系统予以公告，公告期限不少于六十日。公告期限届满后，未有异议的，公司登记机关可以注销公司登记。依照前款规定注销公司登记的，原公司股东、清算义务人的责任不受影响。
42,中华人民共和国公司法第二百一十一条的内容？,第二百一十一条 公司违反本法规定向股东分配利润的，股东应当将违反规定分配的利润退还公司；给公司造成损失的，股东及负有责任的董事、监事、高级管理人员应当承担赔偿责任。
46,中华人民共和国公司法第二百三十一条的内容？,第二百三十一条 公司经营管理发生严重困难，继续存续会使股东利益受到重大损失，通过其他途径不能解决的，持有公司百分之十以上表决权的股东，可以请求人民法院解散公司。
4,中华人民共和国公司法第二十一条的内容？,第二十一条 公司股东应当遵守法律、行政法规和公司章程，依法行使股东权利，不得滥用股东权利损害公司或者其他股东的利益。公司股东滥用股东权利给公司或者其他股东造成损失的，应当承担赔偿责任。
29,中华人民共和国公司法第一百四十六条的内容？,第一百四十六条 发行类别股的公司，有本法第一百一十六条第三款规定的事项等可能影响类别股股东权利的，除应当依照第一百一十六条第三款的规定经股东会决议外，还应当经出席类别股股东会议的股东所持表决权的三分之二以上通过。公司章程可以对需经类别股股东会议决议的其他事项作出规定。
19,中华人民共和国刑事诉讼法第五十三条的内容？,第五十三条 公安机关提请批准逮捕书、人民检察院起诉书、人民法院判决书，必须忠实于事实真象。故意隐瞒事实真象的，应当追究责任。
40,中华人民共和国刑事诉讼法第一百一十六条的内容？,第一百一十六条 公安机关经过侦查，对有证据证明有犯罪事实的案件，应当进行预审，对收集、调取的证据材料予以核实。
44,中华人民共和国刑事诉讼法第一百二十八条的内容？,第一百二十八条 侦查人员对于与犯罪有关的场所、物品、人身、尸体应当进行勘验或者检查。在必要的时候，可以指派或者聘请具有专门知识的人，在侦查人员的主持下进行勘验、检查。
17,中华人民共和国刑事诉讼法第四十七条的内容？,第四十七条 委托诉讼代理人，参照本法第三十三条的规定执行。
39,中华人民共和国刑事诉讼法第一百一十三条的内容？,第一百一十三条 人民检察院认为公安机关对应当立案侦查的案件而不立案侦查的，或者被害人认为公安机关对应当立案侦查的案件而不立案侦查，向人民检察院提出的，人民检察院应当要求公安机关说明不立案的理由。人民检察院认为公安机关不立案理由不能成立的，应当通知公安机关立案，公安机关接到通知后应当立案。
15,中华人民共和国刑事诉讼法第四十一条的内容？,第四十一条 辩护人认为在侦查、审查起诉期间公安机关、人民检察院收集的证明犯罪嫌疑人、被告人无罪或者罪轻的证据材料未提交的，有权申请人民检察院、人民法院调取。
14,中华人民共和国刑事诉讼法第三十八条的内容？,第三十八条 辩护律师在侦查期间可以为犯罪嫌疑人提供法律帮助；代理申诉、控告；申请变更强制措施；向侦查机关了解犯罪嫌疑人涉嫌的罪名和案件有关情况，提出意见。
7,中华人民共和国刑事诉讼法第十七条的内容？,第十七条 对于外国人犯罪应当追究刑事责任的，适用本法的规定。对于享有外交特权和豁免权的外国人犯罪应当追究刑事责任的，通过外交途径解决。
37,中华人民共和国刑事诉讼法第一百零七条的内容？,第一百零七条 送达传票、通知书和其他诉讼文件应当交给收件人本人；如果本人不在，可以交给他的成年家属或者所在单位的负责人员代收。收件人本人或者代收人拒绝接收或者拒绝签名、盖章的时候，送达人可以邀请他的邻居或者其他见证人到场，说明情况，把文件留在他的住处，在送达证上记明拒绝的事由、送达的日期，由送达人签名，即认为已经送达。
32,中华人民共和国刑事诉讼法第九十二条的内容？,第九十二条 公安机关对人民检察院不批准逮捕的决定，认为有错误的时候，可以要求复议，但是必须将被拘留的人立即释放。如果意见不被接受，可以向上一级人民检察院提请复核。上级人民检察院应当立即复核，作出是否变更的决定，通知下级人民检察院和公安机关执行。
2,中华人民共和国刑法（2023修正）第四条的内容？,第四条　对任何人犯罪，在适用法律上一律平等。不允许任何人有超越法律的特权。
18,中华人民共和国刑法（2023修正）第三十六条的内容？,第三十六条　由于犯罪行为而使被害人遭受经济损失的，对犯罪分子除依法给予刑事处罚外，并应根据情况判处赔偿经济损失。承担民事赔偿责任的犯罪分子，同时被判处罚金，其财产不足以全部支付的，或者被判处没收财产的，应当先承担对被害人的民事赔偿责任。
7,中华人民共和国刑法（2023修正）第十六条的内容？,第十六条　行为在客观上虽然造成了损害结果，但是不是出于故意或者过失，而是由于不能抗拒或者不能预见的原因所引起的，不是犯罪。
32,中华人民共和国刑法（2023修正）第七十二条的内容？,第七十二条　对于被判处拘役、三年以下有期徒刑的犯罪分子，同时符合下列条件的，可以宣告缓刑，对其中不满十八周岁的人、怀孕的妇女和已满七十五周岁的人，应当宣告缓刑：（一）犯罪情节较轻；（二）有悔罪表现；（三）没有再犯罪的危险；（四）宣告缓刑对所居住社区没有重大不良影响。宣告缓刑，可以根据犯罪情况，同时禁止犯罪分子在缓刑考验期限内从事特定活动，进入特定区域、场所，接触特定的人。被宣告缓刑的犯罪分子，如果被判处附加刑，附加刑仍须执行。
47,中华人民共和国刑法（2023修正）第一百五十八条的内容？,第一百五十八条　申请公司登记使用虚假证明文件或者采取其他欺诈手段虚报注册资本，欺骗公司登记主管部门，取得公司登记，虚报注册资本数额巨大、后果严重或者有其他严重情节的，处三年以下有期徒刑或者拘役，并处或者单处虚报注册资本金额百分之一以上百分之五以下罚金。单位犯前款罪的，对单位判处罚金，并对其直接负责的主管人员和其他直接责任人员，处三年以下有期徒刑或者拘役。
49,中华人民共和国刑法（2023修正）第一百七十九条的内容？,第一百七十九条　未经国家有关主管部门批准，擅自发行股票或者公司、企业债券，数额巨大、后果严重或者有其他严重情节的，处五年以下有期徒刑或者拘役，并处或者单处非法募集资金金额百分之一以上百分之五以下罚金。单位犯前款罪的，对单位判处罚金，并对其直接负责的主管人员和其他直接责任人员，处五年以下有期徒刑或者拘役。
11,中华人民共和国刑法（2023修正）第二十三条的内容？,第二十三条　已经着手实行犯罪，由于犯罪分子意志以外的原因而未得逞的，是犯罪未遂。对于未遂犯，可以比照既遂犯从轻或者减轻处罚。
46,中华人民共和国刑法（2023修正）第一百五十一条的内容？,第一百五十一条　走私武器、弹药、核材料或者伪造的货币的，处七年以上有期徒刑，并处罚金或者没收财产；情节特别严重的，处无期徒刑，并处没收财产；情节较轻的，处三年以上七年以下有期徒刑，并处罚金。走私国家禁止出口的文物、黄金、白银和其他贵重金属或者国家禁止进出口的珍贵动物及其制品的，处五年以上十年以下有期徒刑，并处罚金；情节特别严重的，处十年以上有期徒刑或者无期徒刑，并处没收财产；情节较轻的，处五年以下有期徒刑，并处罚金。走私珍稀植物及其制品等国家禁止进出口的其他货物、物品的，处五年以下有期徒刑或者拘役，并处或者单处罚金；情节严重的，处五年以上有期徒刑，并处罚金。单位犯本条规定之罪的，对单位判处罚金，并对其直接负责的主管人员和其他直接责任人员，依照本条各款的规定处罚。
17,中华人民共和国刑法（2023修正）第三十四条的内容？,第三十四条　附加刑的种类如下：（一）罚金；（二）剥夺政治权利；（三）没收财产。附加刑也可以独立适用。
25,中华人民共和国刑法（2023修正）第五十四条的内容？,第五十四条　剥夺政治权利是剥夺下列权利：（一）选举权和被选举权；（二）言论、出版、集会、结社、游行、示威自由的权利；（三）担任国家机关职务的权利；（四）担任国有公司、企业、事业单位和人民团体领导职务的权利。
10,中华人民共和国合伙企业法第七十一条的内容？,第七十一条 有限合伙人可以自营或者同他人合作经营与本有限合伙企业相竞争的业务；但是，合伙协议另有约定的除外。
6,中华人民共和国合伙企业法第二十七条的内容？,第二十七条 依照本法第二十六条第二款规定委托一个或者数个合伙人执行合伙事务的，其他合伙人不再执行合伙事务。不执行合伙事务的合伙人有权监督执行事务合伙人执行合伙事务的情况。
2,中华人民共和国合伙企业法第七条的内容？,第七条 合伙企业及其合伙人必须遵守法律、行政法规，遵守社会公德、商业道德，承担社会责任。
7,中华人民共和国合伙企业法第三十二条的内容？,第三十二条 合伙人不得自营或者同他人合作经营与本合伙企业相竞争的业务。除合伙协议另有约定或者经全体合伙人一致同意外，合伙人不得同本合伙企业进行交易。合伙人不得从事损害本合伙企业利益的活动。
3,中华人民共和国合伙企业法第十二条的内容？,第十二条 合伙企业设立分支机构，应当向分支机构所在地的企业登记机关申请登记，领取营业执照。
8,中华人民共和国合伙企业法第四十四条的内容？,第四十四条 入伙的新合伙人与原合伙人享有同等权利，承担同等责任。入伙协议另有约定的，从其约定。新合伙人对入伙前合伙企业的债务承担无限连带责任。
1,中华人民共和国合伙企业法第二条的内容？,第二条 本法所称合伙企业，是指自然人、法人和其他组织依照本法在中国境内设立的普通合伙企业和有限合伙企业。普通合伙企业由普通合伙人组成，合伙人对合伙企业债务承担无限连带责任。本法对普通合伙人承担责任的形式有特别规定的，从其规定。有限合伙企业由普通合伙人和有限合伙人组成，普通合伙人对合伙企业债务承担无限连带责任，有限合伙人以其认缴的出资额为限对合伙企业债务承担责任。
5,中华人民共和国合伙企业法第二十二条的内容？,第二十二条 除合伙协议另有约定外，合伙人向合伙人以外的人转让其在合伙企业中的全部或者部分财产份额时，须经其他合伙人一致同意。合伙人之间转让在合伙企业中的全部或者部分财产份额时，应当通知其他合伙人。
9,中华人民共和国合伙企业法第五十七条的内容？,第五十七条 一个合伙人或者数个合伙人在执业活动中因故意或者重大过失造成合伙企业债务的，应当承担无限责任或者无限连带责任，其他合伙人以其在合伙企业中的财产份额为限承担责任。合伙人在执业活动中非因故意或者重大过失造成的合伙企业债务以及合伙企业的其他债务，由全体合伙人承担无限连带责任。
4,中华人民共和国合伙企业法第十七条的内容？,第十七条 合伙人应当按照合伙协议约定的出资方式、数额和缴付期限，履行出资义务。以非货币财产出资的，依照法律、行政法规的规定，需要办理财产权转移手续的，应当依法办理。
7,中华人民共和国国家安全法第七十条的内容？,第七十条 国家健全国家安全法律制度体系，推动国家安全法治建设。
5,中华人民共和国国家安全法第五十七条的内容？,第五十七条 国家健全国家安全风险监测预警制度，根据国家安全风险程度，及时发布相应风险预警。
9,中华人民共和国国家安全法第八十条的内容？,第八十条 公民和组织支持、协助国家安全工作的行为受法律保护。
3,中华人民共和国国家安全法第二十条的内容？,第二十条 国家健全金融宏观审慎管理和金融风险防范、处置机制，加强金融基础设施和基础能力建设，防范和化解系统性、区域性金融风险，防范和抵御外部金融风险的冲击。
4,中华人民共和国国家安全法第四十一条的内容？,第四十一条 人民法院依照法律规定行使审判权，人民检察院依照法律规定行使检察权，惩治危害国家安全的犯罪。
8,中华人民共和国国家安全法第七十四条的内容？,第七十四条 国家采取必要措施，招录、培养和管理国家安全工作专门人才和特殊人才。根据维护国家安全工作的需要，国家依法保护有关机关专门从事国家安全工作人员的身份和合法权益，加大人身保护和安置保障力度。
10,中华人民共和国国家安全法第八十一条的内容？,第八十一条 公民和组织因支持、协助国家安全工作导致财产损失的，按照国家有关规定给予补偿；造成人身伤害或者死亡的，按照国家有关规定给予抚恤优待。
1,中华人民共和国国家安全法第二条的内容？,第二条 国家安全是指国家政权、主权、统一和领土完整、人民福祉、经济社会可持续发展和国家其他重大利益相对处于没有危险和不受内外威胁的状态，以及保障持续安全状态的能力。
2,中华人民共和国国家安全法第十一条的内容？,第十一条 中华人民共和国公民、一切国家机关和武装力量、各政党和各人民团体、企业事业组织和其他社会组织，都有维护国家安全的责任和义务。
6,中华人民共和国国家安全法第六十七条的内容？,第六十七条 国家健全国家安全危机的信息报告和发布机制。
2,中华人民共和国外商投资法第三条的内容？,第三条 国家坚持对外开放的基本国策，鼓励外国投资者依法在中国境内投资。国家实行高水平投资自由化便利化政策，建立和完善外商投资促进机制，营造稳定、透明、可预期和公平竞争的市场环境。
9,中华人民共和国外商投资法第三十一条的内容？,第三十一条 外商投资企业的组织形式、组织机构及其活动准则，适用《中华人民共和国公司法》、《中华人民共和国合伙企业法》等法律的规定。
10,中华人民共和国外商投资法第四十一条的内容？,第四十一条 对外国投资者在中国境内投资银行业、证券业、保险业等金融行业，或者在证券市场、外汇市场等金融市场进行投资的管理，国家另有规定的，依照其规定。
8,中华人民共和国外商投资法第二十五条的内容？,第二十五条 地方各级人民政府及其有关部门应当履行向外国投资者、外商投资企业依法作出的政策承诺以及依法订立的各类合同。因国家利益、社会公共利益需要改变政策承诺、合同约定的，应当依照法定权限和程序进行，并依法对外国投资者、外商投资企业因此受到的损失予以补偿。
7,中华人民共和国外商投资法第二十一条的内容？,第二十一条 外国投资者在中国境内的出资、利润、资本收益、资产处置所得、知识产权许可使用费、依法获得的补偿或者赔偿、清算所得等，可以依法以人民币或者外汇自由汇入、汇出。
1,中华人民共和国外商投资法第一条的内容？,第一条 为了进一步扩大对外开放，积极促进外商投资，保护外商投资合法权益，规范外商投资管理，推动形成全面开放新格局，促进社会主义市场经济健康发展，根据宪法，制定本法。
3,中华人民共和国外商投资法第五条的内容？,第五条 国家依法保护外国投资者在中国境内的投资、收益和其他合法权益。
4,中华人民共和国外商投资法第八条的内容？,第八条 外商投资企业职工依法建立工会组织，开展工会活动，维护职工的合法权益。外商投资企业应当为本企业工会提供必要的活动条件。
5,中华人民共和国外商投资法第十一条的内容？,第十一条 国家建立健全外商投资服务体系，为外国投资者和外商投资企业提供法律法规、政策措施、投资项目信息等方面的咨询和服务。
6,中华人民共和国外商投资法第十六条的内容？,第十六条 国家保障外商投资企业依法通过公平竞争参与政府采购活动。政府采购依法对外商投资企业在中国境内生产的产品、提供的服务平等对待。
41,中华人民共和国宪法第一百条的内容？,第一百条 省、直辖市的人民代表大会和它们的常务委员会，在不同宪法、法律、行政法规相抵触的前提下，可以制定地方性法规，报全国人民代表大会常务委员会备案。设区的市的人民代表大会和它们的常务委员会，在不同宪法、法律、行政法规和本省、自治区的地方性法规相抵触的前提下，可以依照法律规定制定地方性法规，报本省、自治区人民代表大会常务委员会批准后施行。
12,中华人民共和国宪法第二十五条的内容？,第二十五条 国家推行计划生育，使人口的增长同经济和社会发展计划相适应。
49,中华人民共和国宪法第一百三十一条的内容？,第一百三十一条　人民法院依照法律规定独立行使审判权，不受行政机关、社会团体和个人的干涉。
11,中华人民共和国宪法第二十四条的内容？,第二十四条 国家通过普及理想教育、道德教育、文化教育、纪律和法制教育，通过在城乡不同范围的群众中制定和执行各种守则、公约，加强社会主义精神文明的建设。国家倡导社会主义核心价值观，提倡爱祖国、爱人民、爱劳动、爱科学、爱社会主义的公德，在人民中进行爱国主义、集体主义和国际主义、共产主义的教育，进行辩证唯物主义和历史唯物主义的教育，反对资本主义的、封建主义的和其他的腐朽思想。
39,中华人民共和国宪法第九十六条的内容？,第九十六条 地方各级人民代表大会是地方国家权力机关。县级以上的地方各级人民代表大会设立常务委员会。
8,中华人民共和国宪法第二十条的内容？,第二十条 国家发展自然科学和社会科学事业，普及科学和技术知识，奖励科学研究成果和技术发明创造。
24,中华人民共和国宪法第五十三条的内容？,第五十三条 中华人民共和国公民必须遵守宪法和法律，保守国家秘密，爱护公共财产，遵守劳动纪律，遵守公共秩序，尊重社会公德。
26,中华人民共和国宪法第五十七条的内容？,第五十七条　中华人民共和国全国人民代表大会是最高国家权力机关。它的常设机关是全国人民代表大会常务委员会。
27,中华人民共和国宪法第六十二条的内容？,第六十二条　全国人民代表大会行使下列职权：（一）修改宪法；（二）监督宪法的实施；（三）制定和修改刑事、民事、国家机构的和其他的基本法律；（四）选举中华人民共和国主席、副主席；（五）根据中华人民共和国主席的提名，决定国务院总理的人选；根据国务院总理的提名，决定国务院副总理、国务委员、各部部长、各委员会主任、审计长、秘书长的人选；（六）选举中央军事委员会主席；根据中央军事委员会主席的提名，决定中央军事委员会其他组成人员的人选；（七）选举国家监察委员会主任；（八）选举最高人民法院院长；（九）选举最高人民检察院检察长；（十）审查和批准国民经济和社会发展计划和计划执行情况的报告；（十一）审查和批准国家的预算和预算执行情况的报告；（十二）改变或者撤销全国人民代表大会常务委员会不适当的决定；（十三）批准省、自治区和直辖市的建置；（十四）决定特别行政区的设立及其制度；（十五）决定战争和和平的问题；（十六）应当由最高国家权力机关行使的其他职权。
38,中华人民共和国宪法第九十五条的内容？,第九十五条 省、直辖市、县、市、市辖区、乡、民族乡、镇设立人民代表大会和人民政府。地方各级人民代表大会和地方各级人民政府的组织由法律规定。自治区、自治州、自治县设立自治机关。自治机关的组织和工作根据宪法第三章第五节、第六节规定的基本原则由法律规定。
1,中华人民共和国村民委员会组织法第三条的内容？,第三条 村民委员会根据村民居住状况、人口多少，按照便于群众自治，有利于经济发展和社会管理的原则设立。村民委员会的设立、撤销、范围调整，由乡、民族乡、镇的人民政府提出，经村民会议讨论同意，报县级人民政府批准。村民委员会可以根据村民居住状况、集体土地所有权关系等分设若干村民小组。
9,中华人民共和国村民委员会组织法第三十条的内容？,第三十条 村民委员会实行村务公开制度。村民委员会应当及时公布下列事项，接受村民的监督：（一）本法第二十三条、第二十四条规定的由村民会议、村民代表会议讨论决定的事项及其实施情况；（二）国家计划生育政策的落实方案；（三）政府拨付和接受社会捐赠的救灾救助、补贴补助
7,中华人民共和国村民委员会组织法第二十一条的内容？,第二十一条 村民会议由本村十八周岁以上的村民组成。村民会议由村民委员会召集。有十分之一以上的村民或者三分之一以上的村民代表提议，应当召集村民会议。召集村民会议，应当提前十天通知村民。
5,中华人民共和国村民委员会组织法第十五条的内容？,第十五条 选举村民委员会，由登记参加选举的村民直接提名候选人。村民提名候选人，应当从全体村民利益出发，推荐奉公守法、品行良好、公道正派、热心公益、具有一定文化水平和工作能力的村民为候选人。候选人的名额应当多于应选名额。村民选举委员会应当组织候选人与村民见面，由候选人介绍履行职责的设想，回答村民提出的问题。选举村民委员会，有登记参加选举的村民过半数投票，选举有效；候选人获得参加投票的村民过半数的选票，始得当选。当选人数不足应选名额的，不足的名额另行选举。另行选举的，第一次投票未当选的人员得票多的为候选人，候选人以得票多的当选，但是所得票数不得少于已投选票总数的三分之一。选举实行无记名投票、公开计票的方法，选举结果应当当场公布。选举时，应当设立秘密写票处。登记参加选举的村民，选举期间外出不能参加投票的，可以书面委托本村有选举权的近亲属代为投票。村民选举委员会应当公布委托人和受委托人的名单。具体选举办法由省、自治区、直辖市的人民代表大会常务委员会规定。
4,中华人民共和国村民委员会组织法第十一条的内容？,第十一条 村民委员会主任、副主任和委员，由村民直接选举产生。任何组织或者个人不得指定、委派或者撤换村民委员会成员。村民委员会每届任期五年，届满应当及时举行换届选举。村民委员会成员可以连选连任。
2,中华人民共和国村民委员会组织法第五条的内容？,第五条 乡、民族乡、镇的人民政府对村民委员会的工作给予指导、支持和帮助，但是不得干预依法属于村民自治范围内的事项。村民委员会协助乡、民族乡、镇的人民政府开展工作。
3,中华人民共和国村民委员会组织法第八条的内容？,第八条 村民委员会应当支持和组织村民依法发展各种形式的合作经济和其他经济，承担本村生产的服务和协调工作，促进农村生产建设和经济发展。村民委员会依照法律规定，管理本村属于村农民集体所有的土地和其他财产，引导村民合理利用自然资源，保护和改善生态环境。村民委员会应当尊重并支持集体经济组织依法独立进行经济活动的自主权，维护以家庭承包经营为基础、统分结合的双层经营体制，保障集体经济组织和村民、承包经营户、联户或者合伙的合法财产权和其他合法权益。
6,中华人民共和国村民委员会组织法第十八条的内容？,第十八条 村民委员会成员丧失行为能力或者被判处刑罚的，其职务自行终止。
8,中华人民共和国村民委员会组织法第二十四条的内容？,第二十四条 涉及村民利益的下列事项，经村民会议讨论决定方可办理：（一）本村享受误工补贴的人员及补贴标准；（二）从村集体经济所得收益的使用；（三）本村公益事业的兴办和筹资筹劳方案及建设承包方案；（四）土地承包经营方案；（五）村集体经济项目的立项、承包方案；（六）宅基地的使用方案；（七）征地补偿费的使用、分配方案；（八）以借贷、租赁或者其他方式处分村集体财产；（九）村民会议认为应当由村民会议讨论决定的涉及村民利益的其他事项。村民会议可以授权村民代表会议讨论决定前款规定的事项。法律对讨论决定村集体经济组织财产和成员权益的事项另有规定的，依照其规定。
6,中华人民共和国检察官法第二十三条的内容？,第二十三条 检察官不得兼任人民代表大会常务委员会的组成人员，不得兼任行政机关、监察机关、审判机关的职务，不得兼任企业或者其他营利性组织、事业单位的职务，不得兼任律师、仲裁员和公证员。
2,中华人民共和国检察官法第十一条的内容？,第十一条 检察官享有下列权利：（一）履行检察官职责应当具有的职权和工作条件；（二）非因法定事由、非经法定程序，不被调离、免职、降职、辞退或者处分；（三）履行检察官职责应当享有的职业保障和福利待遇；（四）人身、财产和住所安全受法律保护；（五）提出申诉或者控告；（六）法律规定的其他权利。
9,中华人民共和国检察官法第五十三条的内容？,第五十三条 人民检察院设立检察官权益保障委员会，维护检察官合法权益，保障检察官依法履行职责。
5,中华人民共和国检察官法第十九条的内容？,第十九条 检察官在依照法定程序产生后，在就职时应当公开进行宪法宣誓。
1,中华人民共和国检察官法第五条的内容？,第五条 检察官履行职责，应当以事实为根据，以法律为准绳，秉持客观公正的立场。检察官办理刑事案件，应当严格坚持罪刑法定原则，尊重和保障人权，既要追诉犯罪，也要保障无罪的人不受刑事追究。
7,中华人民共和国检察官法第三十七条的内容？,第三十七条 检察官从人民检察院离任后两年内，不得以律师身份担任诉讼代理人或者辩护人。检察官从人民检察院离任后，不得担任原任职检察院办理案件的诉讼代理人或者辩护人，但是作为当事人的监护人或者近亲属代理诉讼或者进行辩护的除外。检察官被开除后，不得担任诉讼代理人或者辩护人，但是作为当事人的监护人或者近亲属代理诉讼或者进行辩护的除外。
4,中华人民共和国检察官法第十六条的内容？,第十六条 省、自治区、直辖市设立检察官遴选委员会，负责初任检察官人选专业能力的审核。省级检察官遴选委员会的组成人员应当包括地方各级人民检察院检察官代表、其他从事法律职业的人员和有关方面代表，其中检察官代表不少于三分之一。省级检察官遴选委员会的日常工作由省级人民检察院的内设职能部门承担。遴选最高人民检察院检察官应当设立最高人民检察院检察官遴选委员会，负责检察官人选专业能力的审核。
10,中华人民共和国检察官法第六十七条的内容？,第六十七条 国家对初任检察官实行统一法律职业资格考试制度，由国务院司法行政部门商最高人民检察院等有关部门组织实施。
8,中华人民共和国检察官法第四十七条的内容？,第四十七条 检察官有下列行为之一的，应当给予处分；构成犯罪的，依法追究刑事责任：（一）贪污受贿、徇私枉法、刑讯逼供的；（二）隐瞒、伪造、变造、故意损毁证据、案件材料的；（三）泄露国家秘密、检察工作秘密、商业秘密或者个人隐私的；（四）故意违反法律法规办理案件的；（五）因重大过失导致案件错误并造成严重后果的；（六）拖延办案，贻误工作的；（七）利用职权为自己或者他人谋取私利的；（八）接受当事人及其代理人利益输送，或者违反有关规定会见当事人及其代理人的；（九）违反有关规定从事或者参与营利性活动，在企业或者其他营利性组织中兼任职务的；（十）有其他违纪违法行为的。检察官的处分按照有关规定办理。
3,中华人民共和国检察官法第十二条的内容？,第十二条 担任检察官必须具备下列条件：（一）具有中华人民共和国国籍；（二）拥护中华人民共和国宪法，拥护中国共产党领导和社会主义制度；（三）具有良好的政治、业务素质和道德品行；（四）具有正常履行职责的身体条件；（五）具备普通高等学校法学类本科学历并获得学士及以上学位；或者普通高等学校非法学类本科及以上学历并获得法律硕士、法学硕士及以上学位；或者普通高等学校非法学类本科及以上学历，获得其他相应学位，并具有法律专业知识；（六）从事法律工作满五年。其中获得法律硕士、法学硕士学位，或者获得法学博士学位的，从事法律工作的年限可以分别放宽至四年、三年；（七）初任检察官应当通过国家统一法律职业资格考试取得法律职业资格。适用前款第五项规定的学历条件确有困难的地方，经最高人民检察院审核确定，在一定期限内，可以将担任检察官的学历条件放宽为高等学校本科毕业。
10,中华人民共和国民事诉讼法第二十七条的内容？,第二十七条 因票据纠纷提起的诉讼，由票据支付地或者被告住所地人民法院管辖。
6,中华人民共和国民事诉讼法第十七条的内容？,第十七条 民族自治地方的人民代表大会根据宪法和本法的原则，结合当地民族的具体情况，可以制定变通或者补充的规定。自治区的规定，报全国人民代表大会常务委员会批准。自治州、自治县的规定，报省或者自治区的人民代表大会常务委员会批准，并报全国人民代表大会常务委员会备案。
33,中华人民共和国民事诉讼法第一百零二条的内容？,第一百零二条 调解未达成协议或者调解书送达前一方反悔的，人民法院应当及时判决。
42,中华人民共和国民事诉讼法第一百二十八条的内容？,第一百二十八条 人民法院应当在立案之日起五日内将起诉状副本发送被告，被告应当在收到之日起十五日内提出答辩状。答辩状应当记明被告的姓名、性别、年龄、民族、职业、工作单位、住所、联系方式；法人或者其他组织的名称、住所和法定代表人或者主要负责人的姓名、职务、联系方式。人民法院应当在收到答辩状之日起五日内将答辩状副本发送原告。被告不提出答辩状的，不影响人民法院审理。
22,中华人民共和国民事诉讼法第六十九条的内容？,第六十九条 人民法院收到当事人提交的证据材料，应当出具收据，写明证据名称、页数、份数、原件或者复印件以及收到时间等，并由经办人员签名或者盖章。
15,中华人民共和国民事诉讼法第四十七条的内容？,第四十七条 审判人员有下列情形之一的，应当自行回避，当事人有权用口头或者书面方式申请他们回避：（一）是本案当事人或者当事人、诉讼代理人近亲属的；（二）与本案有利害关系的；（三）与本案当事人、诉讼代理人有其他关系，可能影响对案件公正审理的。审判人员接受当事人、诉讼代理人请客送礼，或者违反规定会见当事人、诉讼代理人的，当事人有权要求他们回避。审判人员有前款规定的行为的，应当依法追究法律责任。前三款规定，适用于法官助理、书记员、司法技术人员、翻译人员、鉴定人、勘验人。
23,中华人民共和国民事诉讼法第七十二条的内容？,第七十二条 经过法定程序公证证明的法律事实和文书，人民法院应当作为认定事实的根据，但有相反证据足以推翻公证证明的除外。
44,中华人民共和国民事诉讼法第一百三十四条的内容？,第一百三十四条 人民法院在必要时可以委托外地人民法院调查。委托调查，必须提出明确的项目和要求。受委托人民法院可以主动补充调查。受委托人民法院收到委托书后，应当在三十日内完成调查。因故不能完成的，应当在上述期限内函告委托人民法院。
36,中华人民共和国民事诉讼法第一百一十一条的内容？,第一百一十一条 当事人对保全或者先予执行的裁定不服的，可以申请复议一次。复议期间不停止裁定的执行。
9,中华人民共和国民事诉讼法第二十四条的内容？,第二十四条 因合同纠纷提起的诉讼，由被告住所地或者合同履行地人民法院管辖。
9,中华人民共和国民族区域自治法第五十五条的内容？,第五十五条 上级国家机关应当帮助、指导民族自治地方经济发展战略的研究、制定和实施，从财政、金融、物资、技术和人才等方面，帮助各民族自治地方加速发展经济、教育、科学技术、文化、卫生、体育等事业。国家制定优惠政策，引导和鼓励国内外资金投向民族自治地方。上级国家机关在制定国民经济和社会发展计划的时候，应当照顾民族自治地方的特点和需要。
1,中华人民共和国民族区域自治法第二条的内容？,第二条 各少数民族聚居的地方实行区域自治。民族自治地方分为自治区、自治州、自治县。各民族自治地方都是中华人民共和国不可分离的部分。
2,中华人民共和国民族区域自治法第七条的内容？,第七条 民族自治地方的自治机关要把国家的整体利益放在首位，积极完成上级国家机关交给的各项任务。
6,中华人民共和国民族区域自治法第二十七条的内容？,第二十七条 民族自治地方的自治机关根据法律规定，确定本地方内草场和森林的所有权和使用权。民族自治地方的自治机关保护、建设草原和森林，组织和鼓励植树种草。禁止任何组织或者个人利用任何手段破坏草原和森林。严禁在草原和森林毁草毁林开垦耕地。
10,中华人民共和国民族区域自治法第七十一条的内容？,第七十一条 国家加大对民族自治地方的教育投入，并采取特殊措施，帮助民族自治地方加速普及九年义务教育和发展其他教育事业，提高各民族人民的科学文化水平。国家举办民族高等学校，在高等学校举办民族班、民族预科，专门或者主要招收少数民族学生，并且可以采取定向招生、定向分配的办法。高等学校和中等专业学校招收新生的时候，对少数民族考生适当放宽录取标准和条件，对人口特少的少数民族考生给予特殊照顾。各级人民政府和学校应当采取多种措施帮助家庭经济困难的少数民族学生完成学业。国家在发达地区举办民族中学或者在普通中学开设民族班，招收少数民族学生实施中等教育。国家帮助民族自治地方培养和培训各民族教师。国家
3,中华人民共和国民族区域自治法第十二条的内容？,第十二条 少数民族聚居的地方，根据当地民族关系、经济发展等条件，并参酌历史情况，可以建立以一个或者几个少数民族聚居区为基础的自治地方。民族自治地方内其他少数民族聚居的地方，建立相应的自治地方或者民族乡。民族自治地方依据本地方的实际情况，可以包括一部分汉族或者其他民族的居民区和城镇。
7,中华人民共和国民族区域自治法第三十二条的内容？,第三十二条 民族自治地方的财政是一级财政，是国家财政的组成部分。民族自治地方的自治机关有管理地方财政的自治权。凡是依照国家财政体制属于民族自治地方的财政收入，都应当由民族自治地方的自治机关自主地安排使用。民族自治地方在全国统一的财政体制下，通过国家实行的规范的财政转移支付制度，享受上级财政的照顾。民族自治地方的财政预算支出，按照国家规定，设机动资金，预备费在预算中所占比例高于一般地区。民族自治地方的自治机关在执行财政预算过程中，自行安排使用收入的超收和支出的节余资金。
5,中华人民共和国民族区域自治法第二十二条的内容？,第二十二条 民族自治地方的自治机关根据社会主义建设的需要，采取各种措施从当地民族中大量培养各级干部、各种科学技术、经营管理等专业人才和技术工人，充分发挥他们的作用，并且注意在少数民族妇女中培养各级干部和各种专业技术人才。民族自治地方的自治机关录用工作人员的时候，对实行区域自治的民族和其他少数民族的人员应当给予适当的照顾。民族自治地方的自治机关可以采取特殊措施，优待、鼓励各种专业人员参加自治地方各项建设工作。
4,中华人民共和国民族区域自治法第十七条的内容？,第十七条 自治区主席、自治州州长、自治县县长由实行区域自治的民族的公民担任。自治区、自治州、自治县的人民政府的其他组成人员，应当合理配备实行区域自治的民族和其他少数民族的人员。民族自治地方的人民政府实行自治区主席、自治州州长、自治县县长负责制。自治区主席、自治州州长、自治县县长，分别主持本级人民政府工作。
8,中华人民共和国民族区域自治法第四十四条的内容？,第四十四条 民族自治地方实行计划生育和优生优育，提高各民族人口素质。民族自治地方的自治机关根据法律规定，结合本地方的实际情况，制定实行计划生育的办法。
7,中华人民共和国治安管理处罚法（2025修订）第八十三条的内容？,第八十三条 有下列行为之一的，处十日以上十五日以下拘留，可以并处五千元以下罚款；情节较轻的，处五日以下拘留或者一千元以下罚款：（一）非法种植罂粟不满五百株或者其他少量毒品原植物的；（二）非法买卖、运输、携带、持有少量未经灭活的罂粟等毒品原植物种子或者幼苗的；（三）非法运输、买卖、储存、使用少量罂粟壳的。有前款第一项行为，在成熟前自行铲除的，不予处罚。
1,中华人民共和国治安管理处罚法（2025修订）第二十六条的内容？,第二十六条 有下列行为之一的，处警告或者五百元以下罚款；情节较重的，处五日以上十日以下拘留，可以并处一千元以下罚款：（一）扰乱机关、团体、企业、事业单位秩序，致使工作、生产、营业、医疗、教学、科研不能正常进行，尚未造成严重损失的；（二）扰乱车站、港口、码头、机场、商场、公园、展览馆或者其他公共场所秩序的；（三）扰乱公共汽车、电车、城市轨道交通车辆、火车、船舶、航空器或者其他公共交通工具上的秩序的；（四）非法拦截或者强登、扒乘机动车、船舶、航空器以及其他交通工具，影响交通工具正常行驶的；（五）破坏依法进行的选举秩序的。聚众实施前款行为的，对首要分子处十日以上十五日以下拘留，可以并处二千元以下罚款。
8,中华人民共和国治安管理处罚法（2025修订）第九十七条的内容？,第九十七条 对违反治安管理行为人，公安机关传唤后应当及时询问查证，询问查证的时间不得超过八小时；涉案人数众多、违反治安管理行为人身份不明的，询问查证的时间不得超过十二小时；情况复杂，依照本法规定可能适用行政拘留处罚的，询问查证的时间不得超过二十四小时。在执法办案场所询问违反治安管理行为人，应当全程同步录音录像。公安机关应当及时将传唤的原因和处所通知被传唤人家属。询问查证期间，公安机关应当保证违反治安管理行为人的饮食、必要的休息时间等正当需求。
10,中华人民共和国治安管理处罚法（2025修订）第一百二十七条的内容？,第一百二十七条 担保人应当符合下列条件：（一）与本案无牵连；（二）享有政治权利，人身自由未受到限制；（三）在当地有常住户口和固定住所；（四）有能力履行担保义务。
3,中华人民共和国治安管理处罚法（2025修订）第四十八条的内容？,第四十八条 组织、胁迫未成年人在不适宜未成年人活动的经营场所从事陪酒、陪唱等有偿陪侍活动的，处十日以上十五日以下拘留，并处五千元以下罚款；情节较轻的，处五日以下拘留或者五千元以下罚款。
4,中华人民共和国治安管理处罚法（2025修订）第五十五条的内容？,第五十五条 煽动民族仇恨、民族歧视，或者在出版物、信息网络中刊载民族歧视、侮辱内容的，处十日以上十五日以下拘留，可以并处三千元以下罚款；情节较轻的，处五日以下拘留或者三千元以下罚款。
9,中华人民共和国治安管理处罚法（2025修订）第一百零九条的内容？,第一百零九条 治安管理处罚由县级以上地方人民政府公安机关决定；其中警告、一千元以下的罚款，可以由公安派出所决定。
6,中华人民共和国治安管理处罚法（2025修订）第七十四条的内容？,第七十四条 依法被关押的违法行为人脱逃的，处十日以上十五日以下拘留；情节较轻的，处五日以上十日以下拘留。
5,中华人民共和国治安管理处罚法（2025修订）第六十二条的内容？,第六十二条 冒充国家机关工作人员招摇撞骗的，处十日以上十五日以下拘留，可以并处一千元以下罚款；情节较轻的，处五日以上十日以下拘留。冒充军警人员招摇撞骗的，从重处罚。盗用、冒用个人、组织的身份、名义或者以其他虚假身份招摇撞骗的，处五日以下拘留或者一千元以下罚款；情节较重的，处五日以上十日以下拘留，可以并处一千元以下罚款。
2,中华人民共和国治安管理处罚法（2025修订）第三十七条的内容？,第三十七条 爆炸性、毒害性、放射性、腐蚀性物质或者传染病病原体等危险物质被盗、被抢或者丢失，未按规定报告的，处五日以下拘留；故意隐瞒不报的，处五日以上十日以下拘留。
2,中华人民共和国法官法第七条的内容？,第七条 法官依法履行职责，受法律保护，不受行政机关、社会团体和个人的干涉。
7,中华人民共和国法官法第三十八条的内容？,第三十八条 人民法院设立法官考评委员会，负责对本院法官的考核工作。
1,中华人民共和国法官法第三条的内容？,第三条 法官必须忠实执行宪法和法律，维护社会公平正义，全心全意为人民服务。
9,中华人民共和国法官法第五十二条的内容？,第五十二条 人民法院设立法官权益保障委员会，维护法官合法权益，保障法官依法履行职责。
6,中华人民共和国法官法第二十四条的内容？,第二十四条 法官之间有夫妻关系、直系血亲关系、三代以内旁系血亲以及近姻亲关系的，不得同时担任下列职务：（一）同一人民法院的院长、副院长、审判委员会委员、庭长、副庭长；（二）同一人民法院的院长、副院长和审判员；（三）同一审判庭的庭长、副庭长、审判员；（四）上下相邻两级人民法院的院长、副院长。
8,中华人民共和国法官法第四十六条的内容？,第四十六条 法官有下列行为之一的，应当给予处分；构成犯罪的，依法追究刑事责任：（一）贪污受贿、徇私舞弊、枉法裁判的；（二）隐瞒、伪造、变造、故意损毁证据、案件材料的；（三）泄露国家秘密、审判工作秘密、商业秘密或者个人隐私的；（四）故意违反法律法规办理案件的；（五）因重大过失导致裁判结果错误并造成严重后果的；（六）拖延办案，贻误工作的；（七）利用职权为自己或者他人谋取私利的；（八）接受当事人及其代理人利益输送，或者违反有关规定会见当事人及其代理人的；（九）违反有关规定从事或者参与营利性活动，在企业或者其他营利性组织中兼任职务的；（十）有其他违纪违法行为的。
10,中华人民共和国法官法第六十一条的内容？,第六十一条 法官因公致残的，享受国家规定的伤残待遇。法官因公牺牲、因公死亡或者病故的，其亲属享受国家规定的抚恤和优待。
5,中华人民共和国法官法第十九条的内容？,第十九条 法官在依照法定程序产生后，在就职时应当公开进行宪法宣誓。
4,中华人民共和国法官法第十六条的内容？,第十六条 省、自治区、直辖市设立法官遴选委员会，负责初任法官人选专业能力的审核。省级法官遴选委员会的组成人员应当包括地方各级人民法院法官代表、其他从事法律职业的人员和有关方面代表，其中法官代表不少于三分之一。省级法官遴选委员会的日常工作由高级人民法院的内设职能部门承担。遴选最高人民法院法官应当设立最高人民法院法官遴选委员会，负责法官人选专业能力的审核。
3,中华人民共和国法官法第十一条的内容？,第十一条 法官享有下列权利：（一）履行法官职责应当具有的职权和工作条件；（二）非因法定事由、非经法定程序，不被调离、免职、降职、辞退或者处分；（三）履行法官职责应当享有的职业保障和福利待遇；（四）人身、财产和住所安全受法律保护；（五）提出申诉或者控告；（六）法律规定的其他权利。
3,中华人民共和国海商法第二十二条的内容？,第二十二条 下列各项海事请求具有船舶优先权：（一）船长、船员和在船上工作的其他在编人员根据劳动法律、行政法规或者劳动合同所产生的工资、其他劳动报酬、船员遣返费用和社会保险费用的给付请求；（二）在船舶营运中发生的人身伤亡的赔偿请求；（三）船舶吨税、引航费、港务费和其他港口规费的缴付请求；（四）海难救助的救助款项的给付请求；（五）船舶在营运中因侵权行为产生的财产赔偿请求。载运2000吨以上的散装货油的船舶，持有有效的证书，证明已经进行油污损害民事责任保险或者具有相应的财务保证的，对其造成的油污损害的赔偿请求，不属于前款第（五）项规定的范围。
7,中华人民共和国海商法第八十九条的内容？,第八十九条 船舶在装货港开航前，托运人可以要求解除合同。但是，除合同另有约定外，托运人应当向承运人支付约定运费的一半；货物已经装船的，并应当负担装货、卸货和其他与此有关的费用。
8,中华人民共和国海商法第一百一十五条的内容？,第一百一十五条 经承运人证明，旅客的人身伤亡或者行李的灭失、损坏，是由于旅客本人的过失或者旅客和承运人的共同过失造成的，可以免除或者相应减轻承运人的赔偿责任。经承运人证明，旅客的人身伤亡或者行李的灭失、损坏，是由于旅客本人的故意造成的，或者旅客的人身伤亡是由于旅客本人健康状况造成的，承运人不负赔偿责任。
5,中华人民共和国海商法第四十六条的内容？,第四十六条 承运人对集装箱装运的货物的责任期间，是指从装货港接收货物时起至卸货港交付货物时止，货物处于承运人掌管之下的全部期间。承运人对非集装箱装运的货物的责任期间，是指从货物装上船时起至卸下船时止，货物处于承运人掌管之下的全部期间。在承运人的责任期间，货物发生灭失或者损坏，除本节另有规定外，承运人应当负赔偿责任。前款规定，不影响承运人就非集装箱装运的货物，在装船前和卸船后所承担的责任，达成任何协议。
2,中华人民共和国海商法第十四条的内容？,第十四条 建造中的船舶可以设定船舶抵押权。建造中的船舶办理抵押权登记，还应当向船舶登记机关提交船舶建造合同。
1,中华人民共和国海商法第五条的内容？,第五条 船舶经依法登记取得中华人民共和国国籍，有权悬挂中华人民共和国国旗航行。船舶非法悬挂中华人民共和国国旗航行的，由有关机关予以制止，处以罚款。
6,中华人民共和国海商法第六十一条的内容？,第六十一条 本章对承运人责任的规定，适用于实际承运人。对实际承运人的受雇人、代理人提起诉讼的，适用本法第五十八条第二款和第五十九条第二款的规定。
4,中华人民共和国海商法第三十五条的内容？,第三十五条 船长负责船舶的管理和驾驶。船长在其职权范围内发布的命令，船员、旅客和其他在船人员都必须执行。船长应当采取必要的措施，保护船舶和在船人员、文件、邮件、货物以及其他财产。
10,中华人民共和国海商法第二百一十六条的内容？,第二百一十六条 海上保险合同，是指保险人按照约定，对被保险人遭受保险事故造成保险标的的损失和产生的责任负责赔偿，而由被保险人支付保险费的合同。前款所称保险事故，是指保险人与被保险人约定的任何海上事故，包括与海上航行有关的发生于内河或者陆上的事故。
9,中华人民共和国海商法第一百五十二条的内容？,第一百五十二条 承租人应当按照合同约定支付租金。承租人未按照合同约定的时间支付租金连续超过七日的，出租人有权解除合同，并有权要求赔偿因此遭受的损失。船舶发生灭失或者失踪的，租金应当自船舶灭失或者得知其最后消息之日起停止支付，预付租金应当按照比例退还。
3,中华人民共和国监察法实施条例（2025 修订）第二十条的内容？,第二十条　监察机关对于发现的行业性、系统性、区域性的突出问题，以及群众反映强烈的问题，可以通过专项监督进行深入了解，督促有关机关、单位强化治理，促进公职人员履职尽责。
4,中华人民共和国监察法实施条例（2025 修订）第三十条的内容？,第三十条　监察机关依法调查公职人员涉嫌滥用职权犯罪，包括滥用职权罪，国有公司、企业、事业单位人员滥用职权罪，滥用管理公司、证券职权罪，食品、药品监管渎职罪，故意泄露国家秘密罪，报复陷害罪，阻碍解救被拐卖、绑架妇女、儿童罪，帮助犯罪分子逃避处罚罪，违法发放林木采伐许可证罪，办理偷越国（边）境人员出入境证件罪，放行偷越国（边）境人员罪，挪用特定款物罪，非法剥夺公民宗教信仰自由罪，侵犯少数民族风俗习惯罪，打击报复会计、统计人员罪，以及司法工作人员以外的公职人员利用职权实施的非法拘禁罪、虐待被监管人罪、非法搜查罪。
2,中华人民共和国监察法实施条例（2025 修订）第十条的内容？,第十条　国家监察委员会在党中央领导下开展工作。地方各级监察委员会在同级党委和上级监察委员会双重领导下工作，监督执法调查工作以上级监察委员会领导为主，线索处置和案件查办在向同级党委报告的同时应当一并向上一级监察委员会报告。上级监察委员会应当加强对下级监察委员会的领导。下级监察委员会对上级监察委员会的决定必须执行，认为决定不当的，应当在执行的同时向上级监察委员会反映。上级监察委员会对下级监察委员会作出的错误决定，应当按程序予以纠正，或者要求下级监察委员会予以纠正。
10,中华人民共和国监察法实施条例（2025 修订）第一百二十一条的内容？,第一百二十一条　监察机关调查严重职务违法或者职务犯罪，对于符合监察法第二十四条第一款规定的，经依法审批，可以对被调查人采取留置措施。监察法第二十四条第一款规定的已经掌握其部分违法犯罪事实及证据，是指同时具备下列情形：（一）有证据证明发生了违法犯罪事实；（二）有证据证明该违法犯罪事实是被调查人实施；（三）证明被调查人实施违法犯罪行为的证据已经查证属实。部分违法犯罪事实，既可以是单一违法犯罪行为的事实，也可以是数个违法犯罪行为中任何一个违法犯罪行为的事实。监察法第二十四条第一款规定的重要问题，是指对被调查人涉嫌的严重职务违法或者职务犯罪，在定性处置、定罪量刑等方面有重要影响的事实、情节及证据。
1,中华人民共和国监察法实施条例（2025 修订）第六条的内容？,第六条　监察机关坚持民主集中制，对于线索处置、立案调查、案件审理、处置执行、复审复核中的重要事项应当集体研究，严格按照权限履行请示报告程序。
7,中华人民共和国监察法实施条例（2025 修订）第六十六条的内容？,第六十六条　可以用于证明案件事实的材料都是证据，包括：（一）物证；（二）书证；（三）证人证言；（四）被害人陈述；（五）被调查人陈述、供述和辩解；（六）鉴定意见；（七）勘验检查、辨认、调查实验等笔录；（八）视听资料、电子数据。监察机关向有关单位和个人收集、调取证据时，应当告知其必须依法如实提供证据。对于不按要求提供有关材料，泄露相关信息，伪造、隐匿、毁灭证据，提供虚假情况或者阻止他人提供证据的，依法追究法律责任。监察机关依照监察法和本条例规定收集的证据材料，经审查符合法定要求的，在刑事诉讼中可以作为证据使用。
8,中华人民共和国监察法实施条例（2025 修订）第八十八条的内容？,第八十八条　监察机关对涉嫌职务犯罪的被调查人，可以依法进行讯问，要求其如实供述涉嫌犯罪的情况。
5,中华人民共和国监察法实施条例（2025 修订）第四十条的内容？,第四十条　监察机关依法对所有行使公权力的公职人员进行监察，实现国家监察全面覆盖。
6,中华人民共和国监察法实施条例（2025 修订）第五十条的内容？,第五十条　上级监察机关对于下一级监察机关管辖范围内的职务违法和职务犯罪案件，具有下列情形之一的，可以依法提级管辖：（一）在本辖区有重大影响的；（二）涉及多个下级监察机关管辖的监察对象，调查难度大的；（三）其他需要提级管辖的重大、复杂案件。上级监察机关对于所辖各级监察机关管辖范围内有重大影响的案件，必要时可以依法直接调查或者组织、指挥、参与调查。地方各级监察机关所管辖的职务违法和职务犯罪案件，具有第一款规定情形的，可以依法报请上一级监察机关管辖。
9,中华人民共和国监察法实施条例（2025 修订）第一百条的内容？,第一百条　监察机关应当立即将被强制到案人员送至监察机关谈话场所或者留置场所。强制到案的时间自被强制到案人员到达相关场所时起算。被强制到案人员到案后，应当要求其在《强制到案决定书》上填写到案时间，并签名、捺指印；强制到案结束后，应当要求被强制到案人员在《强制到案决定书》上填写结束时间，并签名、捺指印。被强制到案人员拒绝填写或者签名、捺指印的，调查人员应当在文书上记明。一次强制到案持续的时间不得超过十二小时；依法需要采取管护或者留置措施的，按规定报批后，强制到案持续的时间不得超过二十四小时。两次强制到案间隔的时间不得少于二十四小时，不得以连续强制到案的方式变相拘禁被调查人。两次强制到案的间隔时间从第一次强制到案结束时起算。
4,中华人民共和国票据法第二十七条的内容？,第二十七条 持票人可以将汇票权利转让给他人或者将一定的汇票权利授予他人行使。出票人在汇票上记载“不得转让”字样的，汇票不得转让。持票人行使第一款规定的权利时，应当背书并交付汇票。背书是指在票据背面或者粘单上记载有关事项并签章的票据行为。
9,中华人民共和国票据法第七十三条的内容？,第七十三条 本票是出票人签发的，承诺自己在见票时无条件支付确定的金额给收款人或者持票人的票据。本法所称本票，是指银行本票。
7,中华人民共和国票据法第五十三条的内容？,第五十三条 持票人应当按照下列期限提示付款：（一）见票即付的汇票，自出票日起一个月内向付款人提示付款；（二）定日付款、出票后定期付款或者见票后定期付款的汇票，自到期日起十日内向承兑人提示付款。持票人未按照前款规定期限提示付款的，在作出说明后，承兑人或者付款人仍应当继续对持票人承担付款责任。通过委托收款银行或者通过票据交换系统向付款人提示付款的，视同持票人提示付款。
5,中华人民共和国票据法第三十八条的内容？,第三十八条 承兑是指汇票付款人承诺在汇票到期日支付汇票金额的票据行为。
10,中华人民共和国票据法第九十五条的内容？,第九十五条 涉外票据的法律适用，依照本章的规定确定。前款所称涉外票据，是指出票、背书、承兑、保证、付款等行为中，既有发生在中华人民共和国境内又有发生在中华人民共和国境外的票据。
8,中华人民共和国票据法第六十一条的内容？,第六十一条 汇票到期被拒绝付款的，持票人可以对背书人、出票人以及汇票的其他债务人行使追索权。汇票到期日前，有下列情形之一的，持票人也可以行使追索权：（一）汇票被拒绝承兑的；（二）承兑人或者付款人死亡、逃匿的；（三）承兑人或者付款人被依法宣告破产的或者因违法被责令终止业务活动的。
2,中华人民共和国票据法第十条的内容？,第十条 票据的签发、取得和转让，应当遵循诚实信用的原则，具有真实的交易关系和债权债务关系。票据的取得，必须给付对价，即应当给付票据双方当事人认可的相对应的代价。
3,中华人民共和国票据法第十九条的内容？,第十九条 汇票是出票人签发的，委托付款人在见票时或者在指定日期无条件支付确定的金额给收款人或者持票人的票据。汇票分为银行汇票和商业汇票。
1,中华人民共和国票据法第五条的内容？,第五条 票据当事人可以委托其代理人在票据上签章，并应当在票据上表明其代理关系。没有代理权而以代理人名义在票据上签章的，应当由签章人承担票据责任；代理人超越代理权限的，应当就其超越权限的部分承担票据责任。
6,中华人民共和国票据法第四十五条的内容？,第四十五条 汇票的债务可以由保证人承担保证责任。保证人由汇票债务人以外的他人担当。
9,中华人民共和国立法法第八十条的内容？,第八十条　省、自治区、直辖市的人民代表大会及其常务委员会根据本行政区域的具体情况和实际需要，在不同宪法、法律、行政法规相抵触的前提下，可以制定地方性法规。
7,中华人民共和国立法法第五十一条的内容？,第五十一条　法律解释草案经常务委员会会议审议，由宪法和法律委员会根据常务委员会组成人员的审议意见进行审议、修改，提出法律解释草案表决稿。
3,中华人民共和国立法法第七条的内容？,第七条　立法应当从实际出发，适应经济社会发展和全面深化改革的要求，科学合理地规定公民、法人和其他组织的权利与义务、国家机关的权力与责任。法律规范应当明确、具体，具有针对性和可执行性。
5,中华人民共和国立法法第二十二条的内容？,第二十二条　列入全国人民代表大会会议议程的法律案，由有关的专门委员会进行审议，向主席团提出审议意见，并印发会议。
8,中华人民共和国立法法第七十二条的内容？,第七十二条　国务院根据宪法和法律，制定行政法规。
4,中华人民共和国立法法第十条的内容？,第十条　全国人民代表大会和全国人民代表大会常务委员会根据宪法规定行使国家立法权。全国人民代表大会制定和修改刑事、民事、国家机构的和其他的基本法律。全国人民代表大会常务委员会制定和修改除应当由全国人民代表大会制定的法律以外的其他法律；在全国人民代表大会闭会期间，对全国人民代表大会制定的法律进行部分补充和修改，但是不得同该法律的基本原则相抵触。全国人民代表大会可以授权全国人民代表大会常务委员会制定相关法律。
2,中华人民共和国立法法第四条的内容？,第四条　立法应当坚持以经济建设为中心，坚持改革开放，贯彻新发展理念，保障以中国式现代化全面推进中华民族伟大复兴。
10,中华人民共和国立法法第一百一十条的内容？,第一百一十条　国务院、中央军事委员会、国家监察委员会、最高人民法院、最高人民检察院和各省、自治区、直辖市的人民代表大会常务委员会认为行政法规、地方性法规、自治条例和单行条例同宪法或者法律相抵触，或者存在合宪性、合法性问题的，可以向全国人民代表大会常务委员会书面提出进行审查的要求，由全国人民代表大会有关的专门委员会和常务委员会工作机构进行审查、提出意见。
6,中华人民共和国立法法第三十七条的内容？,第三十七条　专门委员会审议法律案时，应当召开全体会议审议，根据需要，可以要求有关机关、组织派有关负责人说明情况。
1,中华人民共和国立法法第三条的内容？,第三条　立法应当坚持中国共产党的领导，坚持以马克思列宁主义、毛泽东思想、邓小平理论、“三个代表”重要思想、科学发展观、习近平新时代中国特色社会主义思想为指导，推进中国特色社会主义法治体系建设，保障在法治轨道上全面建设社会主义现代化国家。
4,中华人民共和国行政处罚法（2021修订）第二十二条的内容？,第二十二条　行政处罚由违法行为发生地的行政机关管辖。法律、行政法规、部门规章另有规定的，从其规定。
8,中华人民共和国行政处罚法（2021修订）第五十一条的内容？,第五十一条　违法事实确凿并有法定依据，对公民处以二百元以下、对法人或者其他组织处以三千元以下罚款或者警告的行政处罚的，可以当场作出行政处罚决定。法律另有规定的，从其规定。
1,中华人民共和国行政处罚法（2021修订）第五条的内容？,第五条　行政处罚遵循公正、公开的原则。设定和实施行政处罚必须以事实为依据，与违法行为的事实、性质、情节以及社会危害程度相当。对违法行为给予行政处罚的规定必须公布；未经公布的，不得作为行政处罚的依据。
6,中华人民共和国行政处罚法（2021修订）第三十六条的内容？,第三十六条　违法行为在二年内未被发现的，不再给予行政处罚；涉及公民生命健康安全、金融安全且有危害后果的，上述期限延长至五年。法律另有规定的除外。前款规定的期限，从违法行为发生之日起计算；违法行为有连续或者继续状态的，从行为终了之日起计算。
10,中华人民共和国行政处罚法（2021修订）第七十六条的内容？,第七十六条　行政机关实施行政处罚，有下列情形之一，由上级行政机关或者有关机关责令改正，对直接负责的主管人员和其他直接责任人员依法给予处分：（一）没有法定的行政处罚依据的；（二）擅自改变行政处罚种类、幅度的；（三）违反法定的行政处罚程序的；（四）违反本法第二十条关于委托处罚的规定的；（五）执法人员未取得执法证件的。行政机关对符合立案标准的案件不及时立案的，依照前款规定予以处理。
5,中华人民共和国行政处罚法（2021修订）第三十条的内容？,第三十条　不满十四周岁的未成年人有违法行为的，不予行政处罚，责令监护人加以管教；已满十四周岁不满十八周岁的未成年人有违法行为的，应当从轻或者减轻行政处罚。
9,中华人民共和国行政处罚法（2021修订）第六十三条的内容？,第六十三条　行政机关拟作出下列行政处罚决定，应当告知当事人有要求听证的权利，当事人要求听证的，行政机关应当组织听证：（一）较大数额罚款；（二）没收较大数额违法所得、没收较大价值非法财物；（三）降低资质等级、吊销许可证件；（四）责令停产停业、责令关闭、限制从业；（五）其他较重的行政处罚；（六）法律、法规、规章规定的其他情形。当事人不承担行政机关组织听证的费用。
3,中华人民共和国行政处罚法（2021修订）第十四条的内容？,第十四条　地方政府规章可以在法律、法规规定的给予行政处罚的行为、种类和幅度的范围内作出具体规定。尚未制定法律、法规的，地方政府规章对违反行政管理秩序的行为，可以设定警告、通报批评或者一定数额罚款的行政处罚。罚款的限额由省、自治区、直辖市人民代表大会常务委员会规定。
2,中华人民共和国行政处罚法（2021修订）第九条的内容？,第九条　行政处罚的种类：（一）警告、通报批评；（二）罚款、没收违法所得、没收非法财物；（三）暂扣许可证件、降低资质等级、吊销许可证件；（四）限制开展生产经营活动、责令停产停业、责令关闭、限制从业；（五）行政拘留；（六）法律、行政法规规定的其他行政处罚。
7,中华人民共和国行政处罚法（2021修订）第四十四条的内容？,第四十四条　行政机关在作出行政处罚决定之前，应当告知当事人拟作出的行政处罚内容及事实、理由、依据，并告知当事人依法享有的陈述、申辩、要求听证等权利。
6,中华人民共和国行政强制法第三十七条的内容？,第三十七条 经催告，当事人逾期仍不履行行政决定，且无正当理由的，行政机关可以作出强制执行决定。强制执行决定应当以书面形式作出，并载明下列事项：（一）当事人的姓名或者名称、地址；（二）强制执行的理由和依据；（三）强制执行的方式和时间；（四）申请行政复议或者提起行政诉讼的途径和期限；（五）行政机关的名称、印章和日期。在催告期间，对有证据证明有转移或者隐匿财物迹象的，行政机关可以作出立即强制执行决定。
9,中华人民共和国行政强制法第五十七条的内容？,第五十七条 人民法院对行政机关强制执行的申请进行书面审查，对符合本法第五十五条规定，且行政决定具备法定执行效力的，除本法第五十八条规定的情形外，人民法院应当自受理之日起七日内作出执行裁定。
10,中华人民共和国行政强制法第六十一条的内容？,第六十一条 行政机关实施行政强制，有下列情形之一的，由上级行政机关或者有关部门责令改正，对直接负责的主管人员和其他直接责任人员依法给予处分：（一）没有法律、法规依据的；（二）改变行政强制对象、条件、方式的；（三）违反法定程序实施行政强制的；（四）违反本法规定，在夜间或者法定节假日实施行政强制执行的；（五）对居民生活采取停止供水、供电、供热、供燃气等方式迫使当事人履行相关行政决定的；（六）有其他违法实施行政强制情形的。
4,中华人民共和国行政强制法第二十五条的内容？,第二十五条 查封、扣押的期限不得超过三十日；情况复杂的，经行政机关负责人批准，可以延长，但是延长期限不得超过三十日。法律、行政法规另有规定的除外。延长查封、扣押的决定应当及时书面告知当事人，并说明理由。对物品需要进行检测、检验、检疫或者技术鉴定的，查封、扣押的期间不包括检测、检验、检疫或者技术鉴定的期间。检测、检验、检疫或者技术鉴定的期间应当明确，并书面告知当事人。检测、检验、检疫或
8,中华人民共和国行政强制法第五十一条的内容？,第五十一条 代履行应当遵守下列规定：（一）代履行前送达决定书，代履行决定书应当载明当事人的姓名或者名称、地址，代履行的理由和依据、方式和时间、标的、费用预算以及代履行人；（二）代履行三日前，催告当事人履行，当事人履行的，停止代履行；（三）代履行时，作出决定的行政机关应当派员到场监督；（四）代履行完毕，行政机关到场监督的工作人员、代履行人和当事人或者见证人应当在执行文书上签名或者盖章。代履行的费用按照成本合理确定，由当事人承担。但是，法律另有规定的除外。代履行不得采用暴力、胁迫以及其他非法方式。
2,中华人民共和国行政强制法第十二条的内容？,第十二条 行政强制执行的方式：（一）加处罚款或者滞纳金；（二）划拨存款、汇款；（三）拍卖或者依法处理查封、扣押的场所、设施或者财物；（四）排除妨碍、恢复原状；（五）代履行；（六）其他强制执行方式。
3,中华人民共和国行政强制法第十八条的内容？,第十八条 行政机关实施行政强制措施应当遵守下列规定：（一）实施前须向行政机关负责人报告并经批准；（二）由两名以上行政执法人员实施；（三）出示执法身份证件；（四）通知当事人到场；（五）当场告知当事人采取行政强制措施的理由、依据以及当事人依法享有的权利、救济途径；（六）听取当事人的陈述和申辩；（七）制作现场笔录；（八）现场笔录由当事人和行政执法人员签名或者盖章，当事人拒绝的，在笔录中予以注明；（九）当事人不到场的，邀请见证人到场，由见证人和行政执法人员在现场笔录上签名或者盖章；（十）法律、法规规定的其他程序。
1,中华人民共和国行政强制法第九条的内容？,第九条 行政强制措施的种类：（一）限制公民人身自由；（二）查封场所、设施或者财物；（三）扣押财物；（四）冻结存款、汇款；（五）其他行政强制措施。
5,中华人民共和国行政强制法第三十条的内容？,第三十条 行政机关依照法律规定决定实施冻结存款、汇款的，应当履行本法第十八条第一项、第二项、第三项、第七项规定的程序，并向金融机构交付冻结通知书。金融机构接到行政机关依法作出的冻结通知书后，应当立即予以冻结，不得拖延，不得在冻结前向当事人泄露信息。法律规定以外的行政机关或者组织要求冻结当事人存款、汇款的，金融机构应当拒绝。
7,中华人民共和国行政强制法第四十五条的内容？,第四十五条 行政机关依法作出金钱给付义务的行政决定，当事人逾期不履行的，行政机关可以依法加处罚款或者滞纳金。加处罚款或者滞纳金的标准应当告知当事人。加处罚款或者滞纳金的数额不得超出金钱给付义务的数额。
1,中华人民共和国行政许可法（2019修正）第七条的内容？,第七条　公民、法人或者其他组织对行政机关实施行政许可，享有陈述权、申辩权；有权依法申请行政复议或者提起行政诉讼；其合法权益因行政机关违法实施行政许可受到损害的，有权依法要求赔偿。
9,中华人民共和国行政许可法（2019修正）第六十九条的内容？,第六十九条　有下列情形之一的，作出行政许可决定的行政机关或者其上级行政机关，根据利害关系人的请求或者依据职权，可以撤销行政许可：（一）行政机关工作人员滥用职权、玩忽职守作出准予行政许可决定的；（二）超越法定职权作出准予行政许可决定的；（三）违反法定程序作出准予行政许可决定的；（四）对不具备申请资格或者不符合法定条件的申请人准予行政许可的；（五）依法可以撤销行政许可的其他情形。被许可人以欺骗、贿赂等不正当手段取得行政许可的，应当予以撤销。依照前两款的规定撤销行政许可，可能对公共利益造成重大损害的，不予撤销。依照本条第一款的规定撤销行政许可，被许可人的合法权益受到损害的，行政机关应当依法给予赔偿。依照本条第二款的规定撤销行政许可的，被许可人基于行政许可取得的利益不受保护。
10,中华人民共和国行政许可法（2019修正）第七十九条的内容？,第七十九条　被许可人以欺骗、贿赂等不正当手段取得行政许可的，行政机关应当依法给予行政处罚；取得的行政许可属于直接关系公共安全、人身健康、生命财产安全事项的，申请人在三年内不得再次申请该行政许可；构成犯罪的，依法追究刑事责任。
2,中华人民共和国行政许可法（2019修正）第十三条的内容？,第十三条　本法第十二条所列事项，通过下列方式能够予以规范的，可以不设行政许可：（一）公民、法人或者其他组织能够自主决定的；（二）市场竞争机制能够有效调节的；（三）行业组织或者中介机构能够自律管理的；（四）行政机关采用事后监督等其他行政管理方式能够解决的。
8,中华人民共和国行政许可法（2019修正）第六十二条的内容？,第六十二条　行政机关可以对被许可人生产经营的产品依法进行抽样检查、检验、检测，对其生产经营场所依法进行实地检查。检查时，行政机关可以依法查阅或者要求被许可人报送有关材料；被许可人应当如实提供有关情况和材料。行政机关根据法律、行政法规的规定，对直接关系公共安全、人身健康、生命财产安全的重要设备、设施进行定期检验。对检验合格的，行政机关应当发给相应的证明文件。
6,中华人民共和国行政许可法（2019修正）第四十七条的内容？,第四十七条　行政许可直接涉及申请人与他人之间重大利益关系的，行政机关在作出行政许可决定前，应当告知申请人、利害关系人享有要求听证的权利；申请人、利害关系人在被告知听证权利之日起五日内提出听证申请的，行政机关应当在二十日内组织听证。申请人、利害关系人不承担行政机关组织听证的费用。
5,中华人民共和国行政许可法（2019修正）第四十二条的内容？,第四十二条　除可以当场作出行政许可决定的外，行政机关应当自受理行政许可申请之日起二十日内作出行政许可决定。二十日内不能作出决定的，经本行政机关负责人批准，可以延长十日，并应当将延长期限的理由告知申请人。但是，法律、法规另有规定的，依照其规定。依照本法第二十六条的规定，行政许可采取统一办理或者联合办理、集中办理的，办理的时间不得超过四十五日；四十五日内不能办结的，经本级人民政府负责人批准，可以延长十五日，并应当将延长期限的理由告知申请人。
3,中华人民共和国行政许可法（2019修正）第二十四条的内容？,第二十四条　行政机关在其法定职权范围内，依照法律、法规、规章的规定，可以委托其他行政机关实施行政许可。委托机关应当将受委托行政机关和受委托实施行政许可的内容予以公告。行政机关对受委托行政机关实施行政许可的行为应当负责监督，并对该行为的后果承担法律责任。受委托行政机关在委托范围内，以委托行政机关名义实施行政许可；不得再委托其他组织或者个人实施行政许可。
4,中华人民共和国行政许可法（2019修正）第三十二条的内容？,第三十二条　行政机关对申请人提出的行政许可申请，应当根据下列情况分别作出处理：（一）申请事项依法不需要取得行政许可的，应当即时告知申请人不受理；（二）申请事项依法不属于本行政机关职权范围的，应当即时作出不予受理的决定，并告知申请人向有关行政机关申请；（三）申请材料存在可以当场更正的错误的，应当允许申请人当场更正；（四）申请材料不齐全或者不符合法定形式的，应当当场或者在五日内一次告知申请人需要补正的全部内容，逾期不告知的，自收到申请材料之日起即为受理；（五）申请事项属于本行政机关职权范围，申请材料齐全、符合法定形式，或者申请人按照本行政机关的要求提交全部补正申请材料的，应当受理行政许可申请。行政机关受理或者不予受理行政许可申请，应当出具加盖本行政机关专用印章和注明日期的书面凭证。
7,中华人民共和国行政许可法（2019修正）第五十条的内容？,第五十条　被许可人需要延续依法取得的行政许可的有效期的，应当在该行政许可有效期届满三十日前向作出行政许可决定的行政机关提出申请。但是，法律、法规、规章另有规定的，依照其规定。行政机关应当根据被许可人的申请，在该行政许可有效期届满前作出是否准予延续的决定；逾期未作决定的，视为准予延续。
19,中华人民共和国行政诉讼法第五十四条的内容？,第五十四条 人民法院公开审理行政案件，但涉及国家秘密、个人隐私和法律另有规定的除外。涉及商业秘密的案件，当事人申请不公开审理的，可以不公开审理。
14,中华人民共和国行政诉讼法第四十条的内容？,第四十条 人民法院有权向有关行政机关以及其他组织、公民调取证据。但是，不得为证明行政行为的合法性调取被告作出行政行为时未收集的证据。
23,中华人民共和国行政诉讼法第六十六条的内容？,第六十六条 人民法院在审理行政案件中，认为行政机关的主管人员、直接责任人员违法违纪的，应当将有关材料移送监察机关、该行政机关或者其上一级行政机关；认为有犯罪行为的，应当将有关材料移送公安、检察机关。人民法院对被告经传票传唤无正当理由拒不到庭，或者未经法庭许可中途退庭的，可以将被告拒不到庭或者中途退庭的情况予以公告，并可以向监察机关或者被告的上一级行政机关提出依法给予其主要负责人或者直接责任人员处分的司法建议。
8,中华人民共和国行政诉讼法第二十二条的内容？,第二十二条 人民法院发现受理的案件不属于本院管辖的，应当移送有管辖权的人民法院，受移送的人民法院应当受理。受移送的人民法院认为受移送的案件按照规定不属于本院管辖的，应当报请上级人民法院指定管辖，不得再自行移送。
17,中华人民共和国行政诉讼法第四十八条的内容？,第四十八条 公民、法人或者其他组织因不可抗力或者其他不属于其自身的原因耽误起诉期限的，被耽误的时间不计算在起诉期限内。公民、法人或者其他组织因前款规定以外的其他特殊情况耽误起诉期限的，在障碍消除后十日内，可以申请延长期限，是否准许由人民法院决定。
13,中华人民共和国行政诉讼法第三十七条的内容？,第三十七条 原告可以提供证明行政行为违法的证据。原告提供的证据不成立的，不免除被告的举证责任。
43,中华人民共和国行政诉讼法第六十四条的内容？,第六十四条 人民法院在审理行政案件中，经审查认为本法第五十三条规定的规范性文件不合法的，不作为认定行政行为合法的依据，并向制定机关提出处理建议。
42,中华人民共和国行政诉讼法第六十一条的内容？,第六十一条 在涉及行政许可、登记、征收、征用和行政机关对民事争议所作的裁决的行政诉讼中，当事人申请一并解决相关民事争议的，人民法院可以一并审理。在行政诉讼中，人民法院认为行政案件的审理需以民事诉讼的裁判为依据的，可以裁定中止行政诉讼。
46,中华人民共和国行政诉讼法第七十六条的内容？,第七十六条 人民法院判决确认违法或者无效的，可以同时判决责令被告采取补救措施；给原告造成损失的，依法判决被告承担赔偿责任。
37,中华人民共和国行政诉讼法第四十二条的内容？,第四十二条 在证据可能灭失或者以后难以取得的情况下，诉讼参加人可以向人民法院申请保全证据，人民法院也可以主动采取保全措施。
1,中华人民共和国证券投资基金法第五条的内容？,第五条 基金财产的债务由基金财产本身承担，基金份额持有人以其出资为限对基金财产的债务承担责任。但基金合同依照本法另有约定的，从其约定。基金财产独立于基金管理人、基金托管人的固有财产。基金管理人、基金托管人不得将基金财产归入其固有财产。基金管理人、基金托管人因基金财产的管理、运用或者其他情形而取得的财产和收益，归入基金财产。基金管理人、基金托管人因依法解散、被依法撤销或者被依法宣告破产等原因进行清算的，基金财产不属于其清算财产。
9,中华人民共和国证券投资基金法第八十七条的内容？,第八十七条 非公开募集基金应当向合格投资者募集，合格投资者累计不得超过二百人。前款所称合格投资者，是指达到规定资产规模或者收入水平，并且具备相应的风险识别能力和风险承担能力、其基金份额认购金额不低于规定限额的单位和个人。合格投资者的具体标准由国务院证券监督管理机构规定。
6,中华人民共和国证券投资基金法第五十条的内容？,第五十条 公开募集基金，应当经国务院证券监督管理机构注册。未经注册，不得公开或者变相公开募集基金。前款所称公开募集基金，包括向不特定对象募集资金、向特定对象募集资金累计超过二百人，以及法律、行政法规规定的其他情形。公开募集基金应当由基金管理人管理，基金托管人托管。
4,中华人民共和国证券投资基金法第三十二条的内容？,第三十二条 基金托管人由依法设立的商业银行或者其他金融机构担任。商业银行担任基金托管人的，由国务院证券监督管理机构会同国务院银行业监督管理机构核准；其他金融机构担任基金托管人的，由国务院证券监督管理机构核准。
5,中华人民共和国证券投资基金法第四十五条的内容？,第四十五条 基金的运作方式可以采用封闭式、开放式或者其他方式。采用封闭式运作方式的基金（以下简称封闭式基金），是指基金份额总额在基金合同期限内固定不变，基金份额持有人不得申请赎回的基金；采用开放式运作方式的基金（以下简称开放式基金），是指基金份额总额不固定，基金份额可以在基金合同约定的时间和场所申购或者赎回的基金。采用其他运作方式的基金的基金份额发售、交易、申购、赎回的办法，由国务院证券监督管理机构另行规定。
2,中华人民共和国证券投资基金法第十二条的内容？,第十二条 基金管理人由依法设立的公司或者合伙企业担任。公开募集基金的基金管理人，由基金管理公司或者经国务院证券监督管理机构按照规定核准的其他机构担任。
7,中华人民共和国证券投资基金法第六十一条的内容？,第六十一条 申请基金份额上市交易，基金管理人应当向证券交易所提出申请，证券交易所依法审核同意的，双方应当签订上市协议。
10,中华人民共和国证券投资基金法第一百一十二条的内容？,第一百一十二条 国务院证券监督管理机构依法履行下列职责：（一）制定有关证券投资基金活动监督管理的规章、规则，并行使审批、核准或者注册权；（二）办理基金备案；（三）对基金管理人、基金托管人及其他机构从事
3,中华人民共和国证券投资基金法第十九条的内容？,第十九条 公开募集基金的基金管理人应当履行下列职责：（一）依法募集资金，办理基金份额的发售和登记事宜；（二）办理基金备案手续；（三）对所管理的不同基金财产分别管理、分别记账，进行证券投资；（四）按照基金合同的约定确定基金收益分配方案，及时向基金份额持有人分配收益；（五）进行基金会计核算并编制基金财务会计报告；（六）编制中期和年度基金报告；（七）计算并公告基金资产净值，确定基金份额申购、赎回价格；（八）办理与基金财产管理业务活动有关的信息披露事项；（九）按照规定召集基金份额持有人大会；（十）保存基金财产管理业务活动的记录、账册、报表和其他相关资料；（十一）以基金管理人名义，代表基金份额持有人利益行使诉讼权利或者实施其他法律行为；（十二）国务院证券监督管理机构规定的其他职责。
8,中华人民共和国证券投资基金法第七十一条的内容？,第七十一条 基金管理人运用基金财产进行证券投资，除国务院证券监督管理机构另有规定外，应当采用资产组合的方式。资产组合的具体方式和投资比例，依照本法和国务院证券监督管理机构的规定在基金合同中约定。
7,中华人民共和国香港特别行政区基本法第六十条的内容？,第六十条 香港特别行政区政府的首长是香港特别行政区行政长官。香港特别行政区政府设政务司、财政司、律政司和各局、处、署。
5,中华人民共和国香港特别行政区基本法第三十四条的内容？,第三十四条 香港居民有进行学术研究、文学艺术创作和其他文化活动的自由。
4,中华人民共和国香港特别行政区基本法第二十四条的内容？,第二十四条 香港特别行政区居民，简称香港居民，包括永久性居民和非永久性居民。香港特别行政区永久性居民为：（一）在香港特别行政区成立以前或以后在香港出生的中国公民；（二）在香港特别行政区成立以前或以后在香港通常居住连续七年以上的中国公民；（三）第（一）、（二）两项所列居民在香港以外所生的中国籍子女；（四）在香港特别行政区成立以前或以后持有效旅行证件进入香港、在香港通常居住连续七年以上并以香港为永久居住地的非中国籍的人；（五）在香港特别行政区成立以前或以后第（四）项所列居民在香港所生的未满二十一周岁的子女；（六）第（一）至（五）项所列居民以外在香港特别行政区成立以前只在香港有居留权的人。以上居民在香港特别行政区享有居留权和有资格依照香港特别行政区法律取得载明其居留权的永久性居民身份证。香港特别行政区非永久性居民为：有资格依照香港特别行政区法律取得香港居民身份证，但没有居留权的人。
6,中华人民共和国香港特别行政区基本法第四十七条的内容？,第四十七条 香港特别行政区行政长官必须廉洁奉公、尽忠职守。行政长官就任时应向香港特别行政区终审法院首席法官申报财产，记录在案。
8,中华人民共和国香港特别行政区基本法第七十三条的内容？,第七十三条 香港特别行政区立法会行使下列职权：（一）根据本法规定并依照法定程序制定、修改和废除法律；（二）根据政府的提案，审核、通过财政预算；（三）批准税收和公共开支；（四）听取行政长官的施政报告并进行辩论；（五）对政府的工作提出质询；（六）就任何有关公共利益问题进行辩论；（七）同意终审法院法官和高等法院首席法官的任免；（八）接受香港居民申诉并作出处理；（九）如立法会全体议员的四分之一联合动议，指控行政长官有严重违法或渎职行为而不辞职，经立法会通过进行调查，立法会可委托终审法院首席法官负责组成独立的调查委员会，并担任主席。调查委员会负责进行调查，并向立法会提出报告。如该调查委员会认为有足够证据构成上述指控，立法会以全体议员三分之二多数通过，可提出弹劾案，报请中央人民政府决定；（十）在行使上述各项职权时，如有需要，可传召有关人士出席作证和提供证据。
10,中华人民共和国香港特别行政区基本法第一百零八条的内容？,第一百零八条 香港特别行政区实行独立的税收制度。香港特别行政区参照原在香港实行的低税政策，自行立法规定税种、税率、税收宽免和其他税务事项。
9,中华人民共和国香港特别行政区基本法第九十七条的内容？,第九十七条 香港特别行政区可设立非政权性的区域组织，接受香港特别行政区政府就有关地区管理和其他事务的咨询，或负责提供文化、康乐、环境卫生等服务。
1,中华人民共和国香港特别行政区基本法第五条的内容？,第五条 香港特别行政区不实行社会主义制度和政策，保持原有的资本主义制度和生活方式，五十年不变。
3,中华人民共和国香港特别行政区基本法第十五条的内容？,第十五条 中央人民政府依照本法第四章的规定任命香港特别行政区行政长官和行政机关的主要官员。
2,中华人民共和国香港特别行政区基本法第十条的内容？,第十条 香港特别行政区除悬挂中华人民共和国国旗和国徽外，还可使用香港特别行政区区旗和区徽。香港特别行政区的区旗是五星花蕊的紫荆花红旗。香港特别行政区的区徽，中间是五星花蕊的紫荆花，周围写有“中华人民共和国香港特别行政区”和英文“香港”。
1,中华人民共和国民法典第一条的内容？,第一条　为了保护民事主体的合法权益，调整民事关系，维护社会和经济秩序，适应中国特色社会主义发展要求，弘扬社会主义核心价值观，根据宪法，制定本法。
15,中华人民共和国民法典第八十七条的内容？,第八十七条　为公益目的或者其他非营利目的成立，不向出资人、设立人或者会员分配所取得利润的法人，为非营利法人。非营利法人包括事业单位、社会团体、基金会、社会服务机构等。
34,中华人民共和国民法典第一百八十一条的内容？,第一百八十一条　因正当防卫造成损害的，不承担民事责任。正当防卫超过必要的限度，造成不应有的损害的，正当防卫人应当承担适当的民事责任。
48,中华人民共和国民法典第二百八十八条的内容？,第二百八十八条　不动产的相邻权利人应当按照有利生产、方便生活、团结互助、公平合理的原则，正确处理相邻关系。
36,中华人民共和国民法典第一百八十八条的内容？,第一百八十八条　向人民法院请求保护民事权利的诉讼时效期间为三年。法律另有规定的，依照其规定。诉讼时效期间自权利人知道或者应当知道权利受到损害以及义务人之日起计算。法律另有规定的，依照其规定。但是，自权利受到损害之日起超过二十年的，人民法院不予保护，有特殊情况的，人民法院可以根据权利人的申请决定延长。
14,中华人民共和国民法典第七十六条的内容？,第七十六条　以取得利润并分配给股东等出资人为目的成立的法人，为营利法人。营利法人包括有限责任公司、股份有限公司和其他企业法人等。
40,中华人民共和国民法典第二百零九条的内容？,第二百零九条　不动产物权的设立、变更、转让和消灭，经依法登记，发生效力；未经登记，不发生效力，但是法律另有规定的除外。依法属于国家所有的自然资源，所有权可以不登记。
8,中华人民共和国民法典第四十条的内容？,第四十条　自然人下落不明满二年的，利害关系人可以向人民法院申请宣告该自然人为失踪人。
22,中华人民共和国民法典第一百二十二条的内容？,第一百二十二条　因他人没有法律根据，取得不当利益，受损失的人有权请求其返还不当利益。
49,中华人民共和国民法典第二百九十七条的内容？,第二百九十七条　不动产或者动产可以由两个以上组织、个人共有。共有包括按份共有和共同共有。
