id,题目,回答,答案
1,中华人民共和国个人独资企业法第二条的内容？,"《中华人民共和国个人独资企业法》第二条规定：

**本法所称个人独资企业，是指依照本法在中国境内设立，由一个自然人投资，财产为投资人个人所有，投资人以其个人财产对企业债务承担无限责任的经营实体。**",第二条 本法所称个人独资企业，是指依照本法在中国境内设立，由一个自然人投资，财产为投资人个人所有，投资人以其个人财产对企业债务承担无限责任的经营实体。
2,中华人民共和国个人独资企业法第七条的内容？,"根据《中华人民共和国个人独资企业法》（2009年修正）第七条规定，设立个人独资企业应当具备以下条件：

（一）投资人为一个自然人；
（二）有合法的企业名称；
（三）有投资人申报的出资；
（四）有固定的生产经营场所和必要的生产经营条件；
（五）有必要的从业人员；
（六）法律、行政法规规定的其他条件。

**答案**：设立个人独资企业应当具备以下条件：（一）投资人为一个自然人；（二）有合法的企业名称；（三）有投资人申报的出资；（四）有固定的生产经营场所和必要的生产经营条件；（五）有必要的从业人员；（六）法律、行政法规规定的其他条件。",第七条 在个人独资企业中的中国共产党党员依照中国共产党章程进行活动。
4,中华人民共和国个人独资企业法第十七条的内容？,"《中华人民共和国个人独资企业法》第十七条的内容为：

**个人独资企业享有与个人独资企业相关的财产权利，包括财产所有权、使用权以及其他权利和利益；企业依法享有经营自主权，有权拒绝任何单位和个人违反法律、法规的不正当干预。**",第十七条 个人独资企业投资人对本企业的财产依法享有所有权，其有关权利可以依法进行转让或继承。
10,中华人民共和国个人独资企业法第四十七条的内容？,"中华人民共和国个人独资企业法（2009年修正）第四十七条规定：

**第四十七条** 个人独资企业解散后，原投资人对个人独资企业存续期间的债务仍应承担偿还责任，但债权人自企业解散之日起五年内未向原投资人提出偿债请求的，该责任消灭。

**条文要点：**
1. **无限责任延续**：个人独资企业解散后，投资人对存续期间的债务承担无限责任。
2. **债权时效**：债权人需在企业解散之日起五年内向原投资人主张债权，否则该责任消灭。
3. **适用范围**：适用于个人独资企业存续期间产生的债务，不包括解散后新发生的债务。

该条文明确了个人独资企业解散后，原投资人对债务的持续责任及债权人行使权利的时效限制。",第四十七条 外商独资企业不适用本法。
7,中华人民共和国个人独资企业法第二十七条的内容？,"《中华人民共和国个人独资企业法》第二十七条的内容为：

> 个人独资企业有下列情形之一时，应当解散：
> 
> （一）投资人决定解散；
> （二）投资人死亡或者被宣告死亡，无继承人或者继承人决定放弃继承；
> （三）被依法吊销营业执照；
> （四）法律、行政法规规定的其他情形。

该条款明确了个人独资企业解散的四种法定情形，包括投资人自主决定解散、因投资人死亡或被宣告死亡导致无法继续经营、被依法吊销营业执照，以及法律规定的其他解散情形。",第二十七条 个人独资企业解散，由投资人自行清算或者由债权人申请人民法院指定清算人进行清算。投资人自行清算的，应当在清算前十五日内书面通知债权人，无法通知的，应当予以公告。债权人应当在接到通知之日起三十日内，未接到通知的应当在公告之日起六十日内，向投资人申报其债权。
6,中华人民共和国个人独资企业法第二十四条的内容？,"中华人民共和国个人独资企业法第二十四条的内容是：

**个人独资企业有下列情形之一的，应当解散：**  
（一）投资人决定解散；  
（二）投资人死亡或者被宣告死亡，无继承人或者继承人决定放弃继承；  
（三）被依法吊销营业执照；  
（四）法律、行政法规规定的其他情形。  

**个人独资企业解散，由投资人自行清算或者由债权人申请人民法院指定清算人进行清算。**",第二十四条 个人独资企业可以依法申请贷款、取得土地使用权，并享有法律、行政法规规定的其他权利。
3,中华人民共和国个人独资企业法第十二条的内容？,"《中华人民共和国个人独资企业法》第十二条的内容为：  
**个人独资企业的设立条件**：  
个人独资企业的设立，应当具备下列条件：  
（一）投资人为一个自然人；  
（二）有合法的企业名称；  
（三）有投资人申报的出资；  
（四）有固定的生产经营场所和必要的生产经营条件；  
（五）有必要的从业人员。  

投资人申请设立个人独资企业，应当向登记机关提交设立申请书、投资人身份证明、生产经营场所使用证明等文件。申请书应当载明企业的名称、经营范围、投资人的姓名和居所、出资额和出资方式等内容。  

以上即为该法第十二条的完整内容。",第十二条 登记机关应当在收到设立申请文件之日起十五日内，对符合本法规定条件的，予以登记，发给营业执照；对不符合本法规定条件的，不予登记，并应当给予书面答复，说明理由。
5,中华人民共和国个人独资企业法第二十条的内容？,"《中华人民共和国个人独资企业法》第二十条规定：

**投资人依法享有企业财产的占有、使用、收益和处分的权利，任何单位和个人不得侵犯。投资人有权拒绝任何单位和个人违反法律、法规的规定，对个人独资企业进行非法干预。**",第二十条 投资人委托或者聘用的管理个人独资企业事务的人员不得有下列行为：（一）利用职务上的便利，索取或者收受贿赂；（二）利用职务或者工作上的便利侵占企业财产；（三）挪用企业的资金归个人使用或者借贷给他人；（四）擅自将企业资金以个人名义或者以他人名义开立帐户储存；（五）擅自以企业财产提供担保；（六）未经投资人同意，从事与本企业相竞争的业务；（七）未经投资人同意，同本企业订立合同或者进行交易；（八）未经投资人同意，擅自将企业商标或者其他知识产权转让给他人使用；（九）泄露本企业的商业秘密；（十）法律、行政法规禁止的其他行为。
8,中华人民共和国个人独资企业法第三十一条的内容？,"《中华人民共和国个人独资企业法》第三十一条规定：

""个人独资企业财产不足以清偿债务的，投资人应当以其个人的其他财产予以清偿。""",第三十一条 个人独资企业财产不足以清偿债务的，投资人应当以其个人的其他财产予以清偿。
9,中华人民共和国个人独资企业法第三十五条的内容？,"《中华人民共和国个人独资企业法》第三十五条规定：

**个人独资企业违反本法规定，有下列行为之一的，责令改正，处以二千元以下的罚款；情节严重的，处以二千元以上一万元以下的罚款，并吊销营业执照；构成犯罪的，依法追究刑事责任：**

（一）涂改、出租、转让营业执照的；
（二）未经核准擅自改变主要登记事项的；
（三）提交虚假文件或者采取其他欺骗手段，取得企业登记的；
（四）伪造、变造营业执照的；
（五）拒绝、阻碍监督检查，或者不如实提供有关文件、资料、证明材料，或者隐匿、销毁有关文件、资料的；
（六）未领取营业执照擅自以个人独资企业名义从事经营活动的；
（七）从事法律、行政法规规定须报经有关部门批准的业务，未经批准擅自从事该业务的；
（八）法律、行政法规规定的其他行为。",第三十五条 涂改、出租、转让营业执照的，责令改正，没收违法所得，处以三千元以下的罚款；情节严重的，吊销营业执照。伪造营业执照的，责令停业，没收违法所得，处以五千元以下的罚款。构成犯罪的，依法追究刑事责任。
